rollout,probe,step,cov_before,agent_block_gap_px,ace,ace_executed,outcome_kp_dispersion_px,outcome_kp_pairwise_px,outcome_kp_mean_shift_px,outcome_cov_mean,outcome_cov_std,outcome_cov_delta,frac_samples_with_contact,mean_contacts,act_rms_dispersion,act_trace_cov_mean,act_std_mean,rollout_terminated,rollout_len
100000,0,0,0.5508347466546216,142.2113653125302,2.71978808627277,2.9470833579181437,1.1305447232643247e-12,0.0,1.1305447232643247e-12,0.5508347466546216,0.0,0.0,0.0,0.0,11.794050409200127,139.64511378045864,8.182251874842567,True,159
100000,1,8,0.5508347466546216,108.02478032737842,1.9546099170163942,2.1797769222925822,1.1305447232643247e-12,0.0,1.1305447232643247e-12,0.5508347466546216,0.0,0.0,0.0,0.0,12.54172462434579,157.91169912763888,8.631981509662145,True,159
100000,2,16,0.5508347466546216,78.33451038313754,0.0,0.0,1.1305447232643247e-12,0.0,1.1305447232643247e-12,0.5508347466546216,0.0,0.0,0.0,0.0,1.4404370278138223,2.0829955323955343,1.0160726747671154,True,159
100000,3,24,0.5508347466546216,34.250312069729176,0.7397484225696089,0.3300325687295188,0.8484564045719788,0.9983428115011191,4.613703232019729,0.5864861265314807,0.004709473841692613,0.03565137987685907,1.0,36.30859375,2.114753284252481,4.48971941974001,1.2313763030155989,True,159
100000,4,32,0.5860858554311951,20.258015075072468,0.38406807359771683,0.0046093132817339975,1.0716718265429603e-12,0.0,1.0716718265429603e-12,0.5860858554311951,0.0,0.0,0.0,0.0,1.180285992729755,1.3985380639463492,0.8290677107810887,True,159
100000,5,40,0.5860858554311951,17.76329738063548,0.8279592145068227,0.633198262123494,0.6310994714408789,0.6993394040796886,2.3364714640751143,0.596834127243093,0.002233207374329266,0.01074827181189797,1.0,18.6640625,3.4142962903029854,11.703134527223686,2.1174567606678942,True,159
100000,6,48,0.5984629085726694,45.77502154945249,1.1174761146592307,1.2750912773421414,1.277555048526298e-12,0.0,1.277555048526298e-12,0.5984629085726693,1.1123978024676787e-16,-1.1102230246251565e-16,0.0,0.0,4.448714254299963,19.868670510593706,3.0636731532319725,True,159
100000,7,56,0.5984629085726694,56.706983939873254,0.010020545368689284,0.02004109073737857,0.9429469479316633,1.079423961364087,6.443892736325505,0.6438013471537194,0.006582242205398117,0.04533843858105002,1.0,9.88671875,2.1618329132075327,4.691849080096485,1.525042675689512,True,159
100000,8,64,0.6428344718214215,14.74908283141018,0.28123867636264843,0.140415611088362,2.99471196213181,1.792934960978104,40.41474810352493,0.5251163926645942,0.019006372209556165,-0.1177180791568273,1.0,78.41015625,7.773370026035968,60.6622434501519,4.231294440615958,True,159
100000,9,72,0.5259421423886306,14.897150381597687,3.3487247194802565,3.551470805001613,35.765300038884746,37.62835445970765,46.579425699448684,0.22157082022845975,0.22388622786794316,-0.3043713221601708,0.99609375,51.7421875,59.36148048105468,3537.6041310395076,39.34592314734162,True,159
100000,10,80,0.032937413929449495,14.774889241708115,0.5009684436240571,0.7945341292507686,1.8955619417384109,2.1459966268911272,9.32433234232225,0.010655997307705334,0.0028950859262691043,-0.02228141662174416,1.0,41.94140625,3.71314045282984,13.841480304882333,2.5971591240274257,True,159
100000,11,88,0.014281528864476398,40.99143482680352,0.0187804754108831,0.0046093132817339975,1.0726590162950995,1.2299124657212699,16.391333698227655,0.020774248658771255,0.0008952748156624908,0.0064927197942948565,1.0,20.9765625,2.0204209355024654,4.098108994877899,1.4269661384224077,True,159
100000,12,96,0.019869569954919702,14.123150592895277,0.04343270849314797,0.0,1.1662704806610003,1.4388751343510136,60.114145441839064,0.17853992358841247,0.0012182640447104983,0.15867035363349277,1.0,78.99609375,1.6486393725174329,2.728670650342573,1.162848260869608,True,159
100000,13,104,0.17812405773955445,14.929743155084308,0.022022940574058916,0.0,1.2848763464045643,1.4597636709779576,15.679387412109856,0.18418888912960174,0.0085805993210862,0.006064831390047293,1.0,77.15625,1.9524490967618884,3.8270067204480593,1.3511978056275988,True,159
100000,14,112,0.17909996790457686,14.878422727353023,1.1525814029010655,1.90089446944213,6.076542852079661,6.868744045006751,9.869823273811575,0.27942497070160094,0.06425086900549795,0.10032500279702408,1.0,48.9921875,10.188041876927194,104.20324119694783,6.743011162751683,True,159
100000,15,120,0.32684394635204256,14.91045898956244,0.8186616168905013,0.0,1.1122542050025437,1.3306070809721966,10.818351360692184,0.4462138151075841,0.01155030110000346,0.11936986875554156,1.0,92.20703125,1.6687393893739653,2.795611507097786,1.1513582715722805,True,159
100000,16,128,0.4436481530148183,14.980658025370499,1.7287657024508143,1.0984323306363717,2.088844591809794,2.3832694634833023,4.4842113345206585,0.4799126935997042,0.013206569629291499,0.036264540584885874,1.0,54.27734375,7.571257570922671,57.548740974686204,4.038522279735325,True,159
100000,17,136,0.4868845179900178,16.477785924226446,1.7449059854701399,2.016050778089252,1.1039282449210122e-12,7.62939453125e-06,1.1039282449210122e-12,0.4868845179900178,0.0,0.0,0.0,0.0,6.426233090995972,41.45841868781085,4.540703768107035,True,159
100000,18,144,0.4868845179900178,49.36127463712623,1.0228290157167437,1.4063510537698722,3.286074474597773,3.743995877040443,5.16018401260156,0.5846596071175486,0.0620234660202306,0.0977750891275308,0.9140625,11.4921875,4.105052119243108,16.91753703072859,2.8862223352393714,True,159
100000,19,152,0.607428305604221,14.847947204346424,0.0167825801911669,0.028955847100599803,1.7531148860999812,2.004513440539581,17.243961393701785,0.9313631307408188,0.029147058725449915,0.32393482513659777,1.0,78.69140625,2.155067735473088,4.662529952102494,1.5084162668224255,True,159
100001,0,0,0.002174449474807536,14.234148634854114,1.0346531026061627,0.5779842234957934,5.416713883006926,3.9087135269310953,68.45105469238074,3.784162068346864e-05,0.0006054659309354981,-0.0021366078541240675,1.0,79.01953125,5.9239840096414715,35.23120845451329,3.948964093300508,False,300
100001,1,8,0.0,14.18615765312625,1.0512100833003826,1.173194828178226,2.8142795516212824,3.2196450092886875,43.41168687658485,0.0,0.0,0.0,1.0,55.87890625,4.802689187277232,23.156277639117427,3.250095622077212,False,300
100001,2,16,0.0,14.966656341514835,0.10130832376866858,0.0,1.4622257567146988,1.7798434121674713,48.07075416416883,0.0,0.0,0.0,1.0,137.6171875,1.7680264165944957,3.1381759094221477,1.249881684679782,False,300
100001,3,24,0.0,14.764263459977956,0.11724763362317478,0.0,0.42402951136914213,0.48545855258632586,32.41813188861023,0.0,0.0,0.0,1.0,160.02734375,1.1470761797691569,1.3209436985161314,0.8115517712849798,False,300
100001,4,32,0.0,14.94325054228892,1.4614645371605826,1.4958809094710348,2.487003193394112,2.8914012321040663,10.65337803531322,0.0,0.0,0.0,1.0,115.8203125,5.846486648893015,34.31545086562814,4.064025983220514,False,300
100001,5,40,0.0,14.982549531685605,0.11370674387196619,0.054618132617105165,2.21122892767492,2.5594901697580674,32.1159104717324,0.0,0.0,0.0,1.0,83.515625,2.154538833949278,4.660241655964127,1.4854075175702426,False,300
100001,6,48,0.0,14.833273805276466,0.008239301542905211,0.016478603085810423,1.6127164279007273,1.979934286229508,74.50374169665584,0.02295608343915245,0.0035751169619114955,0.02295608343915245,1.0,78.6953125,2.106266399088736,4.453755626847595,1.4760828515907258,False,300
100001,7,56,0.017005512202810623,14.453138285975253,0.0,0.0,1.3564390723990436,1.6895193148138452,70.9883162262601,0.08715205620793644,0.008177799004741278,0.07014654400512582,1.0,79.0,1.910266652792084,3.6634289541215,1.3493681734014311,False,300
100001,8,64,0.09004403296993856,14.894428290935188,0.31705139658198667,0.46569786675508545,5.306157135023721,5.022156839886934,26.257121885034117,0.21630693967802905,0.02728812249504096,0.12626290670809048,1.0,34.28125,2.803254362695247,7.88905162989921,1.9232920818062165,False,300
100001,9,72,0.23799507551325583,15.586810507807453,0.1413001482116321,0.2711023774290376,1.4678283829427432,1.6660444788654072,4.574226642952414,0.25957083681096627,0.006049360403769655,0.02157576129771044,1.0,20.00390625,2.5860766709339016,6.714019185391489,1.8152606568253904,False,300
100001,10,80,0.2675661913500015,14.906479944731604,0.18326161949220282,0.2353639936546046,2.0257523878113144,2.3820895516505245,31.474706389037156,0.3962606135405386,0.020161143956725337,0.12869442219053712,1.0,80.140625,2.352316107361115,5.555090641769947,1.6495571607210953,False,300
100001,11,88,0.39442447254553953,14.874069688277109,0.8695141546523987,0.009218626563467995,1.5578240111951145,1.595189643077047,29.9131207525209,0.8578881174287544,0.027675441602591746,0.46346364488321484,1.0,117.9140625,1.7075294615914935,2.9270908106821567,1.1966292011497932,False,300
100001,12,96,0.8829076745347854,14.916728445168811,1.7477640359445055,1.9249994498827014,0.24562027313287904,0.22320687883223428,0.29157287655339287,0.8834981850117049,0.0005223207994244352,0.0005905104769194924,0.859375,3.265625,7.101264080300133,50.625708210859656,4.874583621988785,False,300
100001,13,104,0.8831860710194364,57.11469906172496,1.0319557437574791,1.3407347349029013,1.4553816361109924e-12,7.62939453125e-06,1.4553816361109924e-12,0.883186071019436,3.3371934074030356e-16,-3.3306690738754696e-16,0.0,0.0,4.180606880490342,17.546013002494167,2.9602085878899995,False,300
100001,14,112,0.8831860710194364,63.63567103908706,0.0,0.0,1.4553816361109924e-12,7.62939453125e-06,1.4553816361109924e-12,0.883186071019436,3.3371934074030356e-16,-3.3306690738754696e-16,0.0,0.0,1.0619977168572203,1.1322620492397888,0.7356770637968106,False,300
100001,15,120,0.8831860710194364,19.960911590752733,1.326214030108678,0.523202239339794,0.05610070057993685,0.018940927415758427,0.00968733267233415,0.8833718152549835,0.001077806012914786,0.00018574423554718056,0.04296875,0.17578125,6.23601806007388,39.04042289751084,2.994239222125776,False,300
100001,16,128,0.8831860710194364,31.36338698126651,0.4410272041459539,0.4942861027539378,1.4553816361109924e-12,7.62939453125e-06,1.4553816361109924e-12,0.883186071019436,3.3371934074030356e-16,-3.3306690738754696e-16,0.0,0.0,4.1889394687763035,17.61602647649569,2.9329435280962004,False,300
100001,17,136,0.8831860710194364,29.53005125582888,0.0,0.0,0.2980312908959585,0.29720915594118497,0.21933235957174457,0.8870446386791484,0.005155699595637443,0.003858567659712042,0.5390625,2.8046875,1.1503840535588388,1.3285732097831784,0.8079373887302952,False,300
100001,18,144,0.8926381272938991,14.885889868349548,0.8071635529796791,0.016098911999930462,0.3773465876811255,0.43122732442155914,1.5057668254525634,0.9152906013830411,0.004480420189628911,0.02265247408914195,1.0,26.39453125,1.442972502764218,2.0903350148855218,0.9151629501657762,False,300
100001,19,152,0.9180703186390394,17.379799401340396,0.2912610964345279,0.03491309369218363,1.6360391144702556e-12,7.62939453125e-06,1.6360391144702556e-12,0.9180703186390391,2.9774179704371714e-16,-3.3306690738754696e-16,0.0,0.0,1.9899711077796751,3.9755143627774627,1.3985874183285665,False,300
100001,20,160,0.9180703186390394,15.855786679432834,0.006913969922600996,0.009218626563467995,0.08289093779308289,0.026614355537192783,0.013599382284587588,0.9181971175362087,0.0007426591558407296,0.00012679889716926684,0.125,0.1875,1.4966509121058058,2.248748125070693,1.0311070716021082,False,300
100001,21,168,0.9180703186390394,15.08753324765612,1.6901629807018022,1.0486699744877759,0.6676328211623614,0.746301734940124,2.081452421857926,0.929245724769553,0.0019060294021496392,0.011175406130513599,1.0,21.73828125,7.027104073548692,49.57383947091802,4.043492522258988,False,300
100001,22,176,0.9292114402196601,42.50010180600442,0.10317982860484917,0.20175034392796437,9.517029667593545e-13,0.0,9.517029667593545e-13,0.9292114402196602,1.1123978024676787e-16,1.1102230246251565e-16,0.0,0.0,2.4201657088381356,5.880171478072202,1.693367294680324,False,300
100001,23,184,0.9292114402196601,53.077901811631605,0.0,0.0,9.517029667593545e-13,0.0,9.517029667593545e-13,0.9292114402196602,1.1123978024676787e-16,1.1102230246251565e-16,0.0,0.0,1.873215680986611,3.5226975246999843,1.3247820715293144,False,300
100001,24,192,0.9292114402196601,21.304245507145453,0.5980645638355766,0.0,0.5706508180984855,0.6499573838062028,10.107234014346668,0.7996285590568689,0.00986724845408951,-0.12958288116279115,1.0,43.75390625,1.1489198544460628,1.3251933685362025,0.8100158614747486,False,300
100001,25,200,0.8104867531470057,14.891278440130405,1.6047961070275596,2.215387489354309,0.02988307686590237,0.02309110400075998,0.11814995564737674,0.808475788936099,0.0005098658476133487,-0.0020109642109067405,0.3046875,0.40625,8.22349281068696,67.89103335646867,5.685897036562924,False,300
100001,26,208,0.8087150285968164,59.49387644412616,1.3352489415205273,1.717668205053307,1.2203144843299753e-12,7.62939453125e-06,1.2203144843299753e-12,0.8087150285968167,2.2247956049353574e-16,2.220446049250313e-16,0.0,0.0,5.050162262382178,25.60415510727688,3.5496153438914497,False,300
100001,27,216,0.8087150285968164,60.578288509252616,0.0,0.0,0.9327344254206538,1.0558121998148295,3.0581118683884148,0.865355267468312,0.017325520846128383,0.05664023887149561,1.0,8.69140625,1.4438585439879326,2.092902896988308,1.0111298822517238,False,300
100001,28,224,0.8867412423637631,14.964391129494569,0.0,0.0,0.24458538944876496,0.2806666483740584,5.231389596817043,0.9182681370420063,0.0044033230859061405,0.03152689467824321,1.0,74.24609375,0.687067509016244,0.4739129845416516,0.4848924608913548,False,300
100001,29,232,0.9173006507455611,14.948961246835845,0.9011744774082462,1.0008278768862542,1.464786908736313e-12,1.0789593218788876e-05,0.0752101466733972,0.9160022973245602,3.3371934074030356e-16,-0.0012983534210009307,0.0,0.0,3.7139174411663274,13.84727367258295,2.5851246928449494,False,300
100001,30,240,0.9160022973245598,38.76533571100552,0.16244375839445427,0.2712162853192731,1.464786908736313e-12,1.0789593218788876e-05,1.464786908736313e-12,0.9160022973245602,3.3371934074030356e-16,3.3306690738754696e-16,0.0,0.0,2.6600933734868235,7.103846154710347,1.856992711715836,False,300
100001,31,248,0.9160022973245598,57.343063896859306,0.07675017831304984,0.14428173006263167,2.9362913764143648,3.2719131132807107,17.552118620187446,0.6930843728781763,0.026216877305184412,-0.2229179244463836,1.0,41.9375,2.5465742302701124,6.510471840904339,1.7976831709497358,False,300
100001,32,256,0.667236452792432,14.96987933568628,2.3613568998181305,2.6567687781238347,1.9903216197068372,1.664154564229226,3.0744260068650355,0.6081832656564521,0.028464703462092383,-0.059053187135979957,1.0,11.22265625,21.592424557214144,468.0611621737256,14.451820556155804,False,300
100001,33,264,0.6101889854438175,32.45823013004451,0.04556172207603397,0.09112344415206794,9.727950265485578e-13,0.0,9.727950265485578e-13,0.6101889854438176,6.77644538141868e-17,1.1102230246251565e-16,0.0,0.0,2.1418358130679436,4.605450691905664,1.5050285802369694,False,300
100001,34,272,0.6101889854438176,40.06056106643788,0.0,0.0,0.5167464764123866,0.5839882816632227,4.777016015624649,0.7066649013292081,0.010180693265739832,0.0964759158853905,1.0,20.53125,1.0237997113662773,1.0522763033034488,0.7245465719299133,False,300
100001,35,280,0.7111712798505614,14.91877502039147,0.9646960017052136,0.3189932730563232,0.5757311146866058,0.6576241103425551,12.579113827122644,0.8896487475067296,0.0034424861001466638,0.17847746765616823,1.0,52.8359375,2.45718597278937,6.06144040646059,1.5154929209814836,False,300
100001,36,288,0.8863426799729893,27.993376698818242,1.221160974755202,1.027131432106767,1.1447458730996418e-12,0.0,1.1447458730996418e-12,0.8863426799729891,2.2247956049353574e-16,-2.220446049250313e-16,0.0,0.0,4.147153599513148,17.26632957786842,2.814944994057423,False,300
100001,37,296,0.8863426799729893,67.88602400626282,0.9003792367053844,1.6273213047228596,1.1447458730996418e-12,0.0,1.1447458730996418e-12,0.8863426799729891,2.2247956049353574e-16,-2.220446049250313e-16,0.0,0.0,6.889200012355738,47.647198680086404,4.368685397192993,False,300
100002,0,0,0.1244364693785624,97.25850395797306,1.8423065410574777,2.160857344587801,1.522486006619586e-12,0.0,1.522486006619586e-12,0.12443646937856244,4.1714917592537945e-17,4.163336342344337e-17,0.0,0.0,9.448055682671388,89.61581797181148,6.653579302962114,True,72
100002,1,8,0.1244364693785624,81.78023703578972,0.4505917490076208,0.2771057179056417,1.522486006619586e-12,0.0,1.522486006619586e-12,0.12443646937856244,4.1714917592537945e-17,4.163336342344337e-17,0.0,0.0,2.509725233154497,6.3234216116027095,1.774858785527861,True,72
100002,2,16,0.1244364693785624,45.80800051302857,0.0046093132817339975,0.0046093132817339975,0.029541698944156657,0.0036999458955347835,0.0018499729484177077,0.12444529919846417,0.00014127711842773155,8.82981990177334e-06,0.01171875,0.015625,1.9803676212802488,3.9372357425344635,1.3964372994649463,True,72
100002,3,24,0.1244364693785624,20.598931142838353,0.10571211636946147,0.10360408142281284,2.1402019342879965,2.4823592018166023,47.608728396421775,0.2832713575344947,0.006870717952160155,0.15883488815593233,1.0,69.296875,2.256930877659793,5.113712425697065,1.5636606613482917,True,72
100002,4,32,0.2832306352508164,14.993048288799441,0.4347205603195224,0.0,1.4742423871224102,1.7115017022834638,45.06308859860876,0.8154073974768821,0.01777316340453772,0.5321767622260657,1.0,77.98828125,1.71002196161246,2.9356424625663182,1.1996284278386569,True,72
100002,5,40,0.797011814904224,14.980557258519212,1.457628657103309,1.632405714272192,0.44571284557681595,0.49883437595358576,1.367277758007928,0.8196933122309946,0.00717016390447719,0.022681497326770605,1.0,9.4921875,6.573731741857143,43.38341548062139,4.420383276419012,True,72
100002,6,48,0.8111893614955364,52.28483539854504,0.07777936334147147,0.009218626563467995,1.0152061944391548e-12,0.0,1.0152061944391548e-12,0.8111893614955363,1.1123978024676787e-16,-1.1102230246251565e-16,0.0,0.0,2.1084886011366333,4.463158393598104,1.4884100049642917,True,72
100002,7,56,0.8111893614955364,38.43463848098705,0.01629291768088551,0.03258583536177102,1.0152061944391548e-12,0.0,1.0152061944391548e-12,0.8111893614955363,1.1123978024676787e-16,-1.1102230246251565e-16,0.0078125,0.0078125,2.114924132977524,4.490444888596802,1.4928384483419084,True,72
100002,8,64,0.8111893614955362,21.187626946068242,0.0,0.0,0.8777819111329238,0.9653228114940502,7.902979496836428,0.9518636100630874,0.009155733892151971,0.14067424856755117,1.0,48.1484375,1.303995546330964,1.707072637340596,0.9201732237010354,True,72
100003,0,0,0.0045127255263303365,261.4942043338672,3.3108630895998177,3.995635135769394,1.6473562116786244e-12,0.0,1.6473562116786244e-12,0.0045127255263303365,0.0,0.0,0.0,0.0,21.458274395162313,462.26325586128667,14.9658739674835,True,121
100003,1,8,0.0045127255263303365,133.68589758828293,0.0,0.0,1.6473562116786244e-12,0.0,1.6473562116786244e-12,0.0045127255263303365,0.0,0.0,0.0,0.0,1.7130014199077774,2.9458812130947023,1.2074893682062546,True,121
100003,2,16,0.0045127255263303365,68.39640735041436,0.017453778887468387,0.0,1.6473562116786244e-12,0.0,1.6473562116786244e-12,0.0045127255263303365,0.0,0.0,0.0,0.0,1.436186241234619,2.070719668215581,1.0123794932801657,True,121
100003,3,24,0.0045127255263303365,28.571878263188257,0.21293108874553032,0.24238153280235006,1.6473562116786244e-12,0.0,1.6473562116786244e-12,0.0045127255263303365,0.0,0.0,0.0,0.0,2.3542162558505373,5.56406882315134,1.6160560114326665,True,121
100003,4,32,0.0045127255263303365,34.95888531190694,0.0,0.0,1.6473562116786244e-12,0.0,1.6473562116786244e-12,0.0045127255263303365,0.0,0.0,0.0,0.0,1.8699396716303638,3.510386824068585,1.3123023663772186,True,121
100003,5,40,0.0045127255263303365,37.284449357752884,0.0,0.0,1.6473562116786244e-12,0.0,1.6473562116786244e-12,0.0045127255263303365,0.0,0.0,0.0,0.0,1.7373896071848003,3.0303599908680727,1.2240759096540361,True,121
100003,6,48,0.0045127255263303365,21.96357355689975,0.02059546954146871,0.027362999237735424,1.8684261240477682,2.313889194192694,47.895694137463764,0.14641372502305766,0.008681592553496823,0.14190099949672733,1.0,68.875,2.280751242601993,5.22222554918201,1.608246217367594,True,121
100003,7,56,0.1473148219640239,14.947169080893998,0.5647572968640358,0.022067241388107204,1.7337752795650703,2.1404994357507867,53.1552354161749,0.39921328584579463,0.018900026297246617,0.25189846388177073,1.0,78.5546875,2.241758340578624,5.045188224054023,1.5768273650216444,True,121
100003,8,64,0.4083467281981835,15.003269766058702,0.3938491625042084,0.7876983250084167,0.8515768455922379,0.942922334442032,9.353711162457532,0.5377072237439857,0.011642097684869682,0.1293604955458022,1.0,20.5,3.910650843208472,15.353163311673338,2.530542172885326,True,121
100003,9,72,0.5354639452279695,30.295873357142394,0.0,0.0,1.0753871234488163e-12,0.0,1.0753871234488163e-12,0.5354639452279696,1.1123978024676787e-16,1.1102230246251565e-16,0.0,0.0,0.8634350522190022,0.7484436975941582,0.60834408540819,True,121
100003,10,80,0.5354639452279695,17.75534261367914,0.1215558700295887,0.0,0.37214015949234486,0.4292578987872085,12.709197670146045,0.6397290537820205,0.0031830129434604645,0.10426510855405102,1.0,68.1171875,0.686221732884428,0.4727469343953892,0.4842503457888354,True,121
100003,11,88,0.6380965358975597,14.960885432259879,0.9162177044971918,0.6702777123870489,0.5786389338388582,0.6471241501678305,5.013384172598867,0.6714147111236882,0.00157950175852545,0.033318175226128566,1.0,45.07421875,3.7479955455120355,14.102558729214065,2.056382059356611,True,121
100003,12,96,0.6723056368354966,27.946169126700845,1.3647448874796462,1.8091891284967692,1.4013372760497362e-12,7.62939453125e-06,1.4013372760497362e-12,0.6723056368354966,6.522010229859188e-17,0.0,0.0,0.0,5.006299366448786,25.161319751785935,3.53409311141875,True,121
100003,13,104,0.6723056368354967,48.34961864224902,0.5815208238442868,0.7780769365905762,1.4349272450089465,1.2073586908616112,0.7567869890172636,0.6854941266544009,0.024877630739997353,0.013188489818904192,0.38671875,2.11328125,3.59704512608117,12.989473770982201,2.522551193962115,True,121
100003,14,112,0.6723056368354966,14.957765894709624,0.0,0.0,0.883906177053561,1.0071722087898818,13.365587926765885,0.9140908825231714,0.014899137474090558,0.2417852456876748,1.0,78.75390625,1.0777889090163528,1.166184339976689,0.7583948529288025,True,121
100003,15,120,0.9424097886794548,14.957482691115958,1.816709565287794,0.7806472819947885,0.48758462663357044,0.5430570994888974,1.8789506541583292,0.9514032717546494,0.0016090728841851392,0.008993483075194653,1.0,21.15234375,7.636677905284716,58.547550799373745,4.232645329647342,True,121
100004,0,0,0.32482159305650105,236.1494998076584,3.2920366402355343,3.51712403904499,1.0777788034976391e-12,0.0,1.0777788034976391e-12,0.32482159305650093,1.1123978024676787e-16,-1.1102230246251565e-16,0.0,0.0,16.46842169320893,272.2724774303167,11.295658865429576,False,300
100004,1,8,0.32482159305650105,139.53721769948163,0.009561848847415105,0.0046093132817339975,1.0777788034976391e-12,0.0,1.0777788034976391e-12,0.32482159305650093,1.1123978024676787e-16,-1.1102230246251565e-16,0.0,0.0,1.8701754625032359,3.5112721674532974,1.3199442862340676,False,300
100004,2,16,0.32482159305650105,54.23567918029173,0.0,0.0,0.5933112618465262,0.6724871486100965,4.422220254055813,0.29181775396423226,0.004791978114806143,-0.03300383909226878,1.0,12.234375,1.095353529484832,1.2045044500629343,0.7694409735545026,False,300
100004,3,24,0.29293184394686245,14.918645051282525,0.0023046566408669988,0.0,3.8749239533426256,4.537138018717255,31.738089637856497,0.16633917328498637,0.02627061940235899,-0.12659267066187607,1.0,79.42578125,1.869925103856778,3.5103321289123413,1.318010458022917,False,300
100004,4,32,0.11417233569696855,14.94718844503253,0.0023046566408669988,0.0,0.8786985901824101,1.027280338474225,13.438247790414168,0.18492257274891705,0.005993921162173185,0.0707502370519485,1.0,50.875,1.465267775231842,2.155429298831424,1.0333712102163344,False,300
100004,5,40,0.18866739574652877,14.815466515496292,0.006913969922600996,0.0,1.141682141120729,1.3734696243410376,58.16383002446316,0.17770122489103285,0.001209601841019634,-0.010966170855495921,1.0,80.0,1.462129213824821,2.1462054529706505,1.0215986166349755,False,300
100004,6,48,0.17956353757672094,14.941261374569608,0.0,0.0,0.8687516458686241,1.0409881748243937,51.031636606914056,0.1713944663911297,0.0030891543895818605,-0.008169071185591237,1.0,78.76171875,1.2674007146422297,1.6126038050892582,0.8947336198694662,False,300
100004,7,56,0.17239269091157858,14.916065856647545,0.05446142501757899,0.0,0.9473921900312985,1.1544272864875973,45.290570957903476,0.2696566527234672,0.008806793029099147,0.09726396181188865,1.0,79.08984375,1.597795006910288,2.5629604483588455,1.1300058474924262,False,300
100004,8,64,0.2730747607906611,14.880872733059482,0.004119650771452606,0.0,0.8979221583178081,1.055840245569735,42.67744202419624,0.06372474966777635,0.0043478830579854,-0.20935001112288476,1.0,79.00390625,1.3748887554135854,1.8977321058009973,0.973063879778393,False,300
100004,9,72,0.06375888755844246,14.87736136342649,0.27371149655145266,0.21967440406185923,2.158696719239419,2.464883335319295,48.217878928564105,0.0024736559719826653,0.001151209017117485,-0.06128523158645979,1.0,79.0,2.2366652186108023,5.022289618967387,1.534038372184108,False,300
100004,10,80,0.003953309539212854,14.769095843060866,0.20783357935146166,0.0,1.414258340251202,1.6259216488496964,29.75322388620445,0.0,0.0,-0.003953309539212854,1.0,78.9921875,1.758244678056311,3.1035475806502477,1.2383248157662843,False,300
100004,11,88,0.0,14.93106731384406,1.7977056679780887,1.1025974894525898,1.1491622756625064,1.292634578109096,5.563045055470766,0.0,0.0,0.0,1.0,45.84375,6.443803839741995,41.6854416816426,3.440537860093187,False,300
100004,12,96,0.0,26.90474632810109,1.2877168387843017,1.2159665132941964,1.2794899912123495e-12,7.62939453125e-06,1.2794899912123495e-12,0.0,0.0,0.0,0.0,0.0,5.054921288059784,25.65243404898378,3.5411697879373003,False,300
100004,13,104,0.0,56.85697421372176,0.048855348358824005,0.02722065823322063,1.2794899912123495e-12,7.62939453125e-06,1.2794899912123495e-12,0.0,0.0,0.0,0.0,0.0,1.529599505960899,2.348849843336357,1.0778355545072533,False,300
100004,14,112,0.0,46.7054712930425,0.0023046566408669988,0.0046093132817339975,1.2794899912123495e-12,7.62939453125e-06,1.2794899912123495e-12,0.0,0.0,0.0,0.0,0.0,1.9257246053520845,3.722958060582582,1.362585009172216,False,300
100004,15,120,0.0,30.414888821770894,0.22083931396284318,0.0,0.3766685683370032,0.4302229096043287,17.74153982817995,0.0013153603747308668,0.00015334475269981882,0.0013153603747308668,1.0,64.609375,1.1125746599250634,1.242676579295242,0.7733145997923002,False,300
100004,16,128,0.0016733149274724844,14.905082891192587,2.254922468913957,2.10619920460036,0.7922582980531411,0.9044212452346936,2.0538622280973553,0.002707524046829585,0.00043659943827663186,0.0010342091193571007,1.0,21.14453125,13.082527808122265,171.82372025754822,8.11694184223636,False,300
100004,17,136,0.003268894584229791,67.18040407138884,0.33006791774827515,0.5906894760105201,1.5408869151225623e-12,5.394796609394438e-06,1.5408869151225623e-12,0.003268894584229791,0.0,0.0,0.0,0.0,3.200562704154405,10.283772609981888,2.2501699785294,False,300
100004,18,144,0.003268894584229791,55.68807987650727,0.11824029405274647,0.0656931119949217,1.5408869151225623e-12,5.394796609394438e-06,1.5408869151225623e-12,0.003268894584229791,0.0,0.0,0.0,0.0,2.3693333111631025,5.635755007384693,1.6721824969822596,False,300
100004,19,152,0.003268894584229791,21.985341935174976,0.07877771802016073,0.14605751704609488,0.9302323142443737,1.0318429459056582,14.042966520339593,0.05547845849065213,0.0037158872674751295,0.05220956390642234,1.0,50.78125,1.6554723854657776,2.7513362261732355,1.1240954564957457,False,300
100004,20,160,0.05587411916346242,16.148408861475424,0.027512223779864023,0.02932721791044963,1.3666803160179446,1.531983633208113,4.12458336006802,0.07561162602826502,0.006547762459338719,0.0197375068648026,0.99609375,10.36328125,1.7517339537449663,3.0806054597802417,1.2383674827957423,False,300
100004,21,168,0.07682554567777111,14.731333775093937,0.37942298491678966,0.0,1.8315016026552617,2.2304802849066325,84.945718642224,0.4690215579696224,0.024639387716835284,0.3921960122918513,1.0,79.0,1.8786744225673593,3.5432584392872615,1.3208855421729249,False,300
100004,22,176,0.4727437632598296,14.507180495186544,1.2189227631655148,1.075400850803967,0.8999587206667635,1.0218110187666243,18.804247129976837,0.7316664806173545,0.0036920013756498947,0.2589227173575249,1.0,29.328125,4.590918228794876,21.15918324302411,2.897539532753829,False,300
100004,23,184,0.7337967283778848,58.23126841506538,1.0086199751215141,1.2242555963414787,1.3581964454075784e-12,5.394796609394438e-06,1.3581964454075784e-12,0.7337967283778846,1.599071841047288e-16,-2.220446049250313e-16,0.0,0.0,4.069084584822205,16.622380532392363,2.8755298005218273,False,300
100004,24,192,0.7337967283778847,63.42105352410573,0.0,0.0,1.3581964454075784e-12,5.394796609394438e-06,1.3581964454075784e-12,0.7337967283778846,1.6081147322230774e-16,-1.1102230246251565e-16,0.0,0.0,2.0832717410953734,4.357040838020052,1.4685495878195383,False,300
100004,25,200,0.7337967283778847,25.304764998481257,0.0,0.0,0.7541626031711364,0.7893751002998542,0.6163651124214118,0.745185399293272,0.013955707677894771,0.011388670915387311,0.6328125,2.42578125,1.5440910083098816,2.393566912696142,1.090746297840052,False,300
100004,26,208,0.7337967283778848,16.462361846286893,0.0,0.0,0.8962657665928357,1.1155812329983572,10.942672080644575,0.9032522529025802,0.01707653334516146,0.16945552452469537,1.0,107.6640625,0.9723889785272429,0.9492483268379629,0.6869275338088787,False,300
100004,27,216,0.8667416036685046,14.97348383810249,0.7199632786813468,0.0,0.918942699639198,1.1393787540080897,2.9526756717901375,0.8779499747317807,0.017627518554956343,0.011208371063276101,1.0,91.51953125,1.0263569389522447,1.057539580120264,0.6851830581595704,False,300
100004,28,224,0.8567410009486836,14.894635836765504,1.4933939645553314,1.6602449108359656,0.06548799929679847,0.046693286926564416,0.254845936798517,0.8523770350763036,0.0009927873719208075,-0.004363965872379971,1.0,2.30078125,8.220799274563035,67.84656636250966,5.334214276743809,False,300
100004,29,232,0.8520272050862144,20.250281037987826,0.07841636450830775,0.13574481264907107,9.532931148469528e-13,0.0,9.532931148469528e-13,0.8520272050862144,1.2514475277761384e-16,0.0,0.0,0.0,2.466712523978317,6.108532129582664,1.7420601484852878,False,300
100004,30,240,0.8520272050862144,37.65900111062583,0.4266701497916456,0.5813456567395547,0.6277007123306725,0.7222165364900717,0.6757906848637673,0.8606925928931515,0.008002743011719451,0.008665387806937042,0.79296875,2.36328125,3.0242540717026674,9.181979798799228,2.130255390363633,False,300
100004,31,248,0.858555287318129,14.956441521708351,0.6296072262554766,0.5583901967857698,0.9034765277694777,1.0139295962878412,7.46215941584669,0.8620448618400594,0.007659727540414412,0.0034895745219303276,1.0,50.78125,3.1366572285973056,9.877201387632152,1.9836305782961483,False,300
100004,32,256,0.8614016450416834,22.611700819978214,3.8665365911326646,4.080733738209758,5.503240194146536,4.8937650142004765,2.941134037015339,0.8289973699147601,0.06404434135849145,-0.03240427512692323,0.375,3.9921875,52.79082708633133,2797.800332005832,32.96134265790128,False,300
100004,33,264,0.8614016450416834,25.938835008718318,1.451650485601844,1.1507970004204273,1.5482333272854337e-12,0.0,1.5482333272854337e-12,0.8614016450416832,2.2247956049353574e-16,-2.220446049250313e-16,0.0,0.0,4.846603140898534,23.58167793480036,3.0962926900158716,False,300
100004,34,272,0.8614016450416834,57.647567885394,0.760521034765376,1.1605392985370724,1.5482333272854337e-12,0.0,1.5482333272854337e-12,0.8614016450416832,2.2247956049353574e-16,-2.220446049250313e-16,0.0,0.0,5.452831028161613,29.849967657845575,3.560000634827002,False,300
100004,35,280,0.8614016450416834,98.74078159612114,0.0716511448899722,0.10505418056571504,1.5482333272854337e-12,0.0,1.5482333272854337e-12,0.8614016450416832,2.2247956049353574e-16,-2.220446049250313e-16,0.0,0.0,2.4324250284680105,5.939894230957264,1.6814846482620955,False,300
100004,36,288,0.8614016450416834,41.563545217675724,0.870323167951319,0.0,1.2580345146105971,1.4535111256369766,5.757989169517865,0.866829482019796,0.012179514805858108,0.005427836978112666,1.0,34.63671875,1.353235998639068,1.838429031416641,0.9442959280599477,False,300
100004,37,296,0.8463021632027717,14.978467101545325,3.1702632251945544,3.246894408045713,0.5342984436676028,0.5031161744526396,0.438717335146443,0.8405075176780137,0.007068981271426461,-0.0057946455247580575,0.39453125,4.06640625,52.46344956819288,2763.2073191848845,32.60947884340828,False,300
100005,0,0,0.018235820108269386,121.55542866659452,1.6250452242140996,1.9835207325096407,1.4745773407413212e-12,0.0,1.4745773407413212e-12,0.018235820108269386,0.0,0.0,0.0,0.0,7.963195227935184,63.66115462345771,5.621993339257163,True,170
100005,1,8,0.018235820108269386,107.9998029373045,0.004119650771452606,0.008239301542905211,1.4745773407413212e-12,0.0,1.4745773407413212e-12,0.018235820108269386,0.0,0.0,0.0,0.0,2.053157091064138,4.231985232902968,1.452609092959812,True,170
100005,2,16,0.018235820108269386,56.585989826068214,0.26536344711516113,0.012848614824639209,1.4745773407413212e-12,0.0,1.4745773407413212e-12,0.018235820108269386,0.0,0.0,0.0,0.0,1.9312327724360168,3.7442861390615985,1.3617967666154174,True,170
100005,3,24,0.018235820108269386,24.910805874358648,0.9385880092883121,0.6712491856623285,4.6675340065287925,3.4507479919683415,55.412016033758064,0.16773021863804013,0.003700641149547065,0.14949439852977076,1.0,59.671875,6.468865942776486,42.010329434968845,4.128479507629839,True,170
100005,4,32,0.16682383835287484,14.904711035812769,0.0023046566408669988,0.0,0.8631328695166762,1.033549447781156,62.46892340067895,0.44700320453558273,0.00837919718489945,0.2801793661827079,1.0,78.98046875,1.4229739070963259,2.0327953471015885,1.0039610189732509,True,170
100005,5,40,0.4626706690891319,14.843026682903224,0.32566731336717136,0.0,0.667346620336409,0.8038576446755569,37.28433915961054,0.13523721216602086,0.004963433162193596,-0.32743345692311104,1.0,77.26953125,1.4849311335752735,2.213667610564911,1.0502087722021238,True,170
100005,6,48,0.13574315828265324,14.993344420887418,1.2570483367626957,1.2222113719925858,0.002542304755592147,0.00032376325073607787,0.11211168529614325,0.13510119645371055,1.442855004259169e-05,-0.0006419618289426887,0.00390625,0.00390625,4.3309880192613655,18.83101587876188,3.0405190444013606,True,170
100005,7,56,0.13510209823808825,73.3911071992274,0.10804526445758128,0.21148121563342856,1.3283348921489736e-12,5.394796609394438e-06,1.3283348921489736e-12,0.13510209823808822,2.780994506169197e-17,-2.7755575615628914e-17,0.0,0.0,2.8183880385884987,7.974461375807971,1.9634697242037602,True,170
100005,8,64,0.13510209823808825,59.796644282954276,0.12964044269747663,0.03941730363611473,1.1948163626966135,1.371974601699826,18.912906308063697,0.1617351434611361,0.0009642036899519724,0.026633045223047852,1.0,35.23046875,2.3483188710363834,5.536227408379579,1.6522347472994499,True,170
100005,9,72,0.16326852868458,14.895039372652839,0.2585100436883947,0.22644239513020525,1.5473445870118958,1.7584125509354573,32.1707601590902,0.15780727982588538,0.001344625809375082,-0.005461248858694617,1.0,79.0,2.467581059992392,6.112834547584672,1.7247349038755757,True,170
100005,10,80,0.1569365155878928,14.836143243734208,0.6627375894621739,0.0046093132817339975,1.2316496479445465,1.416964722198256,32.57937019732467,0.19656362115608628,0.002608604217277199,0.03962710556819349,1.0,79.0234375,1.7048019256954734,2.917747055289711,1.1798750074133935,True,170
100005,11,88,0.1990022955985638,14.901783588822108,0.8515902140655175,0.9479626457883649,1.1476232930729198,1.2844647783640937,8.503740533880059,0.21996235376380668,0.0030689133432443495,0.02096005816524288,1.0,19.37890625,3.997965381420169,16.0464084741362,2.6936762296708148,True,170
100005,12,96,0.22389114670815155,21.295498468439735,0.07852396352022119,0.0,0.7051778390196957,0.792511193137684,2.7695015008640436,0.23083721670447915,0.0018345224508380753,0.006946069996327603,1.0,18.56640625,1.1612904624372622,1.3538841481012656,0.822101178730547,True,170
100005,13,104,0.22969787762097602,14.987962785249255,1.0280816453220982,1.1950930669507105,0.3937192000448281,0.41544157060640774,0.7128144155857465,0.2315529982532006,0.001039448823778925,0.0018551206322245939,1.0,9.99609375,4.988005443525665,24.977767709757924,3.283819668637079,True,170
100005,14,112,0.23026375746854527,47.74481097626265,0.482981319469371,0.8279760956075073,1.3597660622670417e-12,7.62939453125e-06,1.3597660622670417e-12,0.23026375746854522,5.561989012338393e-17,-5.551115123125783e-17,0.0,0.0,3.407183368083618,11.654423595917173,2.4014035719580145,True,170
100005,15,120,0.23026375746854527,49.71251827086693,0.034415116386921706,0.049706535079013195,0.3343095524811129,0.11164355233649535,0.057052671693479946,0.2304924494678483,0.0013418815687955765,0.0002286919993030323,0.05078125,0.16015625,2.522223576095725,6.386559264941784,1.7727938632508335,True,170
100005,16,128,0.23026375746854527,16.50239496417701,0.9454919608461146,0.6869055151028136,3.2329646690805256,3.747384506972484,36.73840938828025,0.38017448652932706,0.024725016666164407,0.1499107290607818,1.0,77.15625,3.1595151052146195,10.021682898903183,2.1272037355334676,True,170
100005,17,136,0.39415842542284996,14.903785424296572,1.19626920558219,0.0,1.3859006320317806,1.5716527455504548,29.508933043798645,0.8157683098744041,0.005310025193289226,0.4216098844515541,1.0,77.95703125,1.6116440382845756,2.6075823747897307,1.1271735158610543,True,170
100005,18,144,0.8184581052523832,15.394797747526752,2.837300871650804,3.489754122309002,0.017391791287739544,0.0030767187371607647,0.0015414444413918407,0.8184627491130368,5.248903046345005e-05,4.643860653685827e-06,0.0078125,0.015625,12.904934231081416,167.19041506739384,9.082470259602934,True,170
100005,19,152,0.8184581052523832,94.1892681669794,0.006913969922600996,0.013827939845201993,1.0746826751843986e-12,5.394796609394438e-06,1.0746826751843986e-12,0.8184581052523829,3.0217332161645457e-16,-2.220446049250313e-16,0.0,0.0,2.2826953299513977,5.231132079065771,1.6114878952312544,True,170
100005,20,160,0.8184581052523832,39.63836428875889,0.0,0.0,0.4926136353890303,0.5594817114290134,5.826332991995098,0.9122967935474136,0.0073798713679272465,0.09383868829503039,1.0,26.859375,1.1128469315075,1.243284874506697,0.7752868531833519,True,170
100005,21,168,0.8982327026611417,14.955817943014273,1.5396607021214532,0.3284582260282609,0.5365048376570384,0.6168254452193443,11.156091961188626,0.8880554480054563,0.009220758011140133,-0.01017725465568542,1.0,58.64453125,2.9101077904281785,8.501938047408464,1.5668003008195268,True,170
100006,0,0,0.06476167539973093,-6.856029674306299,1.9059773361841712,2.196942794481102,1.2438016770076388,1.444681899210141,15.637056731055564,0.14599271916151335,0.001878804790911974,0.08123104376178242,1.0,31.75390625,9.276109649046164,86.3836463396415,6.144664392474376,True,151
100006,1,8,0.14652023360595745,64.57288551219546,0.07848559591623039,0.10521684662353024,1.203106436593176e-12,0.0,1.203106436593176e-12,0.14652023360595745,0.0,0.0,0.0,0.0,2.328533965519364,5.443333449865865,1.632649060583287,True,151
100006,2,16,0.14652023360595745,88.76464394257904,0.0023046566408669988,0.0,1.203106436593176e-12,0.0,1.203106436593176e-12,0.14652023360595745,0.0,0.0,0.0,0.0,1.8657858873501199,3.494808573424811,1.3174683089903285,True,151
100006,3,24,0.14652023360595745,34.68254060338889,0.018107911811471117,0.0,1.2707138962273843,1.511806920750829,23.956953516996194,0.1204668407046104,0.0036803089358556753,-0.026053392901347047,1.0,40.98046875,1.859056930632482,3.4696459759261176,1.3122072865786019,True,151
100006,4,32,0.1268000535057067,14.92163405148355,0.10200689851579614,0.05665950002575658,1.4639706727561799,1.6727537677752635,35.64816889864669,0.07506074480976188,0.002482672791889402,-0.05173930869594481,1.0,79.0,1.9517431689552323,3.8242398344165904,1.3739792930190662,True,151
100006,5,40,0.0785996752132668,14.88031954138071,0.11184431791065196,0.10635940764727156,1.3874327878583224,1.616203838228765,39.64203547534488,0.06366226163082449,0.0007554514154105092,-0.014937413582442313,1.0,79.38671875,2.0983272708027623,4.420243913180421,1.4744729922470956,True,151
100006,6,48,0.0631432979908415,14.919420625573526,0.005748959497113299,0.0,1.188771219788129,1.4104524839447683,37.82382194539456,0.06597711341065188,0.0005956966635317223,0.0028338154198103843,1.0,79.03515625,1.8925309013355953,3.5957189898140847,1.329798671705294,True,151
100006,7,56,0.06579096875669,14.929624930061127,0.021054166062742886,0.0,0.9043782685778871,1.0624016283072448,34.86904990724406,0.13356906855455647,0.00508985879928936,0.06777809979786648,1.0,78.98046875,1.5952236160945388,2.554717751562781,1.122297146037148,True,151
100006,8,64,0.13438409261108705,14.929080526007013,0.11990063006687061,0.1963310286200452,2.086228591881338,2.473958003666888,48.91530564107122,0.31164375529899035,0.0023283052089732247,0.1772596626879033,1.0,79.13671875,2.775168497651415,7.73176238718175,1.9441015438956697,True,151
100006,9,72,0.31074304500071614,14.368119499590094,0.7310803337790789,0.009218626563467995,1.6018350550741136,1.693428873742414,16.559125698085516,0.3091298710248157,0.0016440344214527615,-0.0016131739759004393,1.0,78.953125,1.811151896490733,3.2931350007586864,1.24930415750126,True,151
100006,10,80,0.30899433956479944,14.859810153740703,0.7551569394500457,0.35442480489005357,0.9545434275374446,1.0978868769009336,19.90522791082805,0.25993859822422594,0.0035566026371008585,-0.0490557413405735,1.0,62.91015625,2.672733355962867,7.171517331653292,1.5057074383035194,True,151
100006,11,88,0.26205251880620645,22.62751166293972,1.1494073114640577,1.5557046903073695,1.1052994145526517e-12,0.0,1.1052994145526517e-12,0.2620525188062065,5.561989012338393e-17,5.551115123125783e-17,0.0,0.0,4.858916743939798,23.701656520321027,3.433217656099848,True,151
100006,12,96,0.26205251880620645,54.13301501830117,0.008675031124003764,0.0,0.792076714486273,0.8854091708208297,5.214133137375403,0.29095882734340306,0.004634093066885388,0.028906308537196612,1.0,9.51171875,1.6064378244021087,2.5907626502723975,1.130064254970854,True,151
100006,13,104,0.2923892892695457,14.753890062143302,0.3363277070199859,0.388681247185066,2.136511174695452,2.4416344248478747,17.539187382392726,0.3790120782690247,0.0030127433805172935,0.086622788999479,1.0,75.8046875,2.3294273678623827,5.4475112027821275,1.5827337518348261,True,151
100006,14,112,0.37790675950447433,14.886130437529452,0.09604336748084093,0.12415702595744049,2.566211863163265,3.0031096434291533,29.86003210505932,0.7979755982358538,0.04372259434263416,0.4200688387313795,1.0,79.91796875,2.5409447317387626,6.48171934594607,1.7430468601769982,True,151
100006,15,120,0.8272852468696897,14.926300856743735,0.0,0.0,0.28285594346577675,0.3178339421676057,6.06944706138407,0.9202006332256962,0.0009888850194929588,0.09291538635600649,1.0,57.7734375,0.6548916659065981,0.43056498856048286,0.46337580347798674,True,151
100006,16,128,0.9208367482696425,14.978801800848776,1.9820759767086393,2.1604644576462384,0.01705399379416238,0.004010315446312072,0.025942922115792383,0.9209247732644783,4.585966105185131e-05,8.80249948358447e-05,0.046875,0.1484375,7.873787700722334,62.23965641391313,5.3997064599948725,True,151
100006,17,136,0.9209190395593726,44.66534534395814,0.226269143717164,0.36523236986497365,1.4448672947979982e-12,0.0,1.4448672947979982e-12,0.9209190395593724,2.2247956049353574e-16,-2.220446049250313e-16,0.0,0.0,2.7612045190522276,7.654149417195356,1.953252739378772,True,151
100006,18,144,0.9209190395593726,55.79052291036198,0.008675031124003764,0.0,0.5762899559725879,0.6584144295155488,4.782713576991653,0.9682214784267567,0.011130764707282425,0.047302438867384056,1.0,17.32421875,1.3173544950445293,1.7422284454791708,0.9287706051559763,True,151
100007,0,0,0.0,259.4245375586001,3.8563386344398034,4.097715962793867,1.8072944663079752e-12,1.0789593218788876e-05,1.8072944663079752e-12,0.0,0.0,0.0,0.0,0.0,17.273222012701567,299.5342543812549,12.11015979741277,True,193
100007,1,8,0.0,219.25487496060188,1.2608533150417163,1.3612149529852207,1.8072944663079752e-12,1.0789593218788876e-05,1.8072944663079752e-12,0.0,0.0,0.0,0.0,0.0,5.258989167273864,27.76542575586273,3.668214895904372,True,193
100007,2,16,0.0,155.7916203496656,0.40977215867654854,0.45872478862714755,1.8072944663079752e-12,1.0789593218788876e-05,1.8072944663079752e-12,0.0,0.0,0.0,0.0,0.0,2.786791466100536,7.79666238798382,1.9534302380358106,True,193
100007,3,24,0.0,74.17137951493127,0.0315881566356426,0.028847981242234123,1.8072944663079752e-12,1.0789593218788876e-05,1.8072944663079752e-12,0.0,0.0,0.0,0.0,0.0,2.0111833876024807,4.060720809229233,1.4212601411085073,True,193
100007,4,32,0.0,37.84911916725565,0.23032555111054512,0.012848614824639209,1.8072944663079752e-12,1.0789593218788876e-05,1.8072944663079752e-12,0.0,0.0,0.0,0.0,0.0,2.1330311177944963,4.56766418771287,1.5068824466401993,True,193
100007,5,40,0.0,28.588189643571763,0.7883948035514704,0.6363645679601355,3.001058868667948,3.437215909785025,32.06531193599117,0.0,0.0,0.0,1.0,44.421875,3.0781304191932506,9.512043296690496,2.1275226929600315,True,193
100007,6,48,0.0,14.794257943065803,0.0023046566408669988,0.0,1.3337263780084703,1.6198839815092339,60.31306029001557,0.027861872685161014,0.0028859944301666348,0.027861872685161014,1.0,78.98828125,1.7745779086347493,3.1614762704960997,1.2530378267445346,True,193
100007,7,56,0.022004053591064308,14.920800465766021,0.0,0.0,0.7663223464770132,0.9443819657527617,48.09195893990815,0.24793183782726558,0.00408214069356547,0.22592778423620127,1.0,78.98828125,1.4552028000077977,2.125919562441313,1.0293656401158484,True,193
100007,8,64,0.24438557826355134,14.958913091211624,0.0,0.0,0.9347575223702164,1.1086113992798128,39.22489246746824,0.3607242174659524,0.0012525484503167303,0.11633863920240106,1.0,79.08203125,1.4494544190379277,2.1091570074288386,1.0242815243721402,True,193
100007,9,72,0.3591609683387989,15.014042739839203,0.17297978819482895,0.2294699459161775,1.7899081899262355,2.0476007142033095,43.76582429219311,0.4097531255444835,0.002272070044090745,0.05059215720568461,1.0,79.00390625,2.243943427645309,5.055028310811672,1.576133803851187,True,193
100007,10,80,0.4070699159947213,14.815774544029827,0.8589092949134624,0.008239301542905211,0.9763261100960265,1.123671862803966,29.002066283141023,0.4706681983810508,0.0016032243150647107,0.06359828238632947,1.0,75.22265625,1.5927207068347158,2.5467073254701864,1.10314614733832,True,193
100007,11,88,0.47037573364409824,15.248163687368555,1.8818168122787104,2.2761639756685854,0.2971144991444286,0.2177550966472119,0.12777468001229808,0.4704803488343752,0.00021731430384248204,0.00010461519027693544,0.28125,1.32421875,37.91549399467614,1443.2222718597734,22.731249042796257,True,193
100007,12,96,0.47037573364409824,74.38710971445741,0.04284170794278368,0.06822548777919414,1.1523943006019007e-12,7.62939453125e-06,1.1523943006019007e-12,0.4703757336440982,5.561989012338393e-17,-5.551115123125783e-17,0.0,0.0,2.1651406508909417,4.706217701035127,1.5308420696661695,True,193
100007,13,104,0.47037573364409824,31.917823884713336,0.5292311061021376,0.0,0.6189584764852003,0.7298937581628665,34.468866678298824,0.5262859682402016,0.007539323425393278,0.055910234596103336,1.0,64.453125,1.4187906968935329,2.0208610299900287,0.9907904284050952,True,193
100007,14,112,0.5284150082241225,14.951967051287859,1.6700463808263997,1.706966782301228,0.0013069390317715266,0.00038003051812033505,0.03413926053457479,0.5280113187975635,1.5451865625773496e-05,-0.0004036894265589952,0.02734375,0.02734375,8.618279954352031,74.56602289853335,5.3212191477471595,True,193
100007,15,120,0.5280135962588329,37.004362098927345,0.13199959537472739,0.2343120869286314,1.0630156282774153e-12,0.0,1.0630156282774153e-12,0.528013596258833,6.140269612264461e-17,1.1102230246251565e-16,0.0,0.0,2.8973063038829934,8.427302970749638,2.007406981615379,True,193
100007,16,128,0.528013596258833,24.57014169531375,0.42694869920436246,0.0,0.5443209807535301,0.6368020024307105,18.7601896671465,0.6427900192141085,0.006861199722230237,0.11477642295527546,1.0,64.8828125,0.911820818025129,0.8346776638082661,0.6428679753300914,True,193
100007,17,136,0.6476471998149752,14.89680402402565,0.976254828947285,1.5568348091345476,0.0019200943472761434,0.00024048194753601755,0.2564424798783808,0.6444088180739841,2.4357843903742166e-05,-0.003238381740991114,0.00390625,0.00390625,6.070540354773847,36.995975729129796,4.196506752992145,True,193
100007,18,144,0.6444103404392281,55.60797425725111,0.0,0.0,1.0852944277031911e-12,0.0,1.0852944277031911e-12,0.6444103404392281,1.9229626863835638e-16,0.0,0.0,0.0,2.0948753526160173,4.4057125576765,1.4776502433398664,True,193
100007,19,152,0.6444103404392284,34.79004829220833,1.0546848348481674,0.0,1.6241823798803017,1.8820231336795339,13.48607532583829,0.8678819244195242,0.019510427358893186,0.22347158398029576,1.0,35.53125,1.7858382863476314,3.2017251237496924,1.2145982646418627,True,193
100007,20,160,0.8470900294857379,14.786019242292191,1.6578052866223296,1.50406524309795,0.7794102105432654,0.8914499715910689,3.5119585516939864,0.8868704504184158,0.003038309440404875,0.03978042093267797,1.0,17.44921875,5.2438196000333175,27.6054778957238,3.464682592743321,True,193
100007,21,168,0.8834554659224483,26.47380539864559,1.8750466612034795,2.120918735562177,1.3127168874849705e-12,0.0,1.3127168874849705e-12,0.8834554659224486,3.3371934074030356e-16,3.3306690738754696e-16,0.0,0.0,9.001186022786328,81.33908060039924,5.910525276028266,True,193
100007,22,176,0.8834554659224483,39.96366559295423,0.0,0.0,1.3127168874849705e-12,0.0,1.3127168874849705e-12,0.8834554659224486,3.3371934074030356e-16,3.3306690738754696e-16,0.0,0.0,1.7911636238155668,3.220848566994941,1.266004948805246,True,193
100007,23,184,0.8834554659224483,22.444211486471985,0.0,0.0,0.7394277045594536,0.8375306961376174,3.7435546636376973,0.9422760181604901,0.008504219344808071,0.058820552238041834,1.0,16.015625,1.0011507952870469,1.0062335145701735,0.7068971203601278,True,193
100007,24,192,0.929820073708459,14.816639134721028,1.4864588061338204,1.19432156142218,0.7177105920350055,0.8159306571831626,5.1835423813230435,0.9264833940276058,0.011008561443372053,-0.0033366796808531607,1.0,28.6015625,6.1546949448600845,38.028819942185415,3.680866957669327,True,193
