rollout,probe,step,cov_before,agent_block_gap_px,ace,branches,extra_steps,branch_final_kp_dispersion_px,branch_final_cov_std,branch_final_cov_mean,branch_max_cov_std,branch_goal_rate,branch_goal_disagreement,kp_shift_from_probe_px,null_final_kp_dispersion_px,null_final_cov_std,null_goal_disagreement,act_rms_dispersion,act_trace_cov_mean,act_std_mean
502000,0,0,0.0020268635147447692,-4.650861827726211,0.5043156666041566,32,88,86.86780975296637,0.29504393616286667,0.22516437367042771,0.28165542911583263,0.0,0.0,157.6668671867472,76.2172369252469,0.1678058430180436,0.0,3.1465667849723027,9.939709522613649,2.227501848745618
502000,3,24,0.0,14.954617018923612,0.25706500480222316,32,88,83.46198777294437,0.1331236271337124,0.1362664381427588,0.10585781530411774,0.0,0.0,114.76139691098274,104.79117395190275,0.15186035018571892,0.0,2.3373464998322784,5.484612929534185,1.6462598063887066
502000,6,48,0.0749170281991801,14.894867556142179,1.1271330753654296,32,88,84.21993307573864,0.1038584411906113,0.028850966571841087,0.08778166157163363,0.0,0.0,67.41447269672221,41.731410462604956,0.0,0.0,7.373789851681964,54.586003352363214,4.028904795160136
502000,9,72,0.0,32.91765742224243,0.30582935611119105,32,88,3.5635192757023977,0.04420857089762579,0.9042764631905199,0.04434422166921335,0.125,0.125,167.65555534967388,3.516904371326361,0.052385154944233694,0.1875,2.637648214908607,6.984471196220779,1.863416050761805
502000,12,96,0.0,50.43093830243663,0.3493535150232826,32,88,15.703804384547022,0.18042437429158142,0.8433583168865066,0.019812894334749857,0.46875,0.46875,154.97903406506828,7.781657280114741,0.13485657017346045,0.4375,2.8528723149847566,8.170797623824544,2.01701337681218
502000,15,120,0.0,14.902190176610672,0.0046093132817339975,32,88,23.434635747032353,0.25437485809882426,0.8068115433269235,0.015027266060674891,0.59375,0.40625,159.43571239278535,11.332528175734174,0.18171343293097658,0.28125,1.7678855114421614,3.1376757273771765,1.153763461463743
502000,18,144,0.0,14.857464543910574,0.0064243074123196044,32,88,3.0387561256895794,0.04902502983979025,0.9440449115626739,0.012945865160543786,0.8125,0.1875,155.70320593374913,13.209930600752589,0.15367229089304885,0.09375,1.9034623723390385,3.6373775088043256,1.343267235435133
502000,21,168,0.9270728053440165,14.908833191070553,2.2766476668489632,32,88,0.7394350886796683,0.009461056233854086,0.9634862113140966,0.009461056233854086,1.0,0.0,1.9989519622192111,1.2985642344529727e-13,0.0,0.0,9.278975885827057,86.437038170112,5.775178645911358
502001,0,0,0.0,201.59162528246685,1.876972840211001,32,88,48.10565761471771,0.0423351625865846,0.27320972226818385,0.07690657883114288,0.0,0.0,185.55846530165454,49.530261207279494,0.036988997117988774,0.0,12.095819843235143,146.88261790619728,8.52584295382973
502001,3,24,0.0,22.269670956557984,0.20986469711075142,32,88,63.81310127543932,0.0782539727832283,0.24393609583370235,0.03941043576614067,0.0,0.0,227.68778716412174,62.7836750703888,0.0858934429462679,0.0,1.8307248691718927,3.3646968938460233,1.2854611988679765
502001,6,48,0.0,14.948300490961763,0.568021251228694,32,88,65.92780089397249,0.1673588100333974,0.3218465979876878,0.07586230805845103,0.0,0.0,151.15693461759426,51.25522308587362,0.1146284821790722,0.0,1.5351090432021754,2.365801185401568,1.0862331296424657
502001,9,72,0.15381639380928808,28.474766130373723,0.0,32,88,63.32818555728723,0.07216944632877838,0.1252735875783933,0.03640196138576545,0.0,0.0,207.02283205438363,27.811529061661282,0.03600777859027005,0.0,1.5955099312910603,2.5556348896360346,1.1276876999179704
502001,12,96,0.31221152768583793,14.577332905485592,0.33899055718253224,32,88,28.019591805045692,0.04841257599115169,0.06564888850665537,0.00040055252597465644,0.0,0.0,182.42050866825278,20.10229089467482,0.045641608488216356,0.0,1.6174393890301502,2.626369432783028,1.1431928290878097
502001,15,120,0.18355624873559107,58.54665934665071,1.7167190098882152,32,88,23.646726415475374,0.048528840424722296,0.2228042359803688,0.033792278907878566,0.0,0.0,120.55734041616826,31.004669037031068,0.06349967311362864,0.0,7.612810206683624,58.182153279233304,5.094200438250753
502001,18,144,0.18355624873559107,44.708497872195224,0.16802920311105973,32,88,34.9884224660295,0.20480371590685556,0.4901515417297912,0.21520447523968644,0.0,0.0,120.25177050984786,37.19274801150812,0.18992098388621398,0.0,2.0455977535497776,4.20087985626643,1.4470375517636425
502001,21,168,0.1127055192345554,14.74345929059764,2.313027024790559,32,88,17.626233964393407,0.11401987792431802,0.5795551611790277,0.10865469759068039,0.0,0.0,122.34308145993701,1.8295623998107187,0.0162201258634106,0.0,11.689642318130723,137.18361100632612,7.080952128010751
502001,24,192,0.1366832561447831,14.813653244634601,0.0,32,88,4.779942804228736,0.056085655432361714,0.6871354646106738,0.014850203313122572,0.0,0.0,94.39775962746657,5.694181885599794,0.07100073598814198,0.0,1.2535774614518411,1.5776190261810565,0.8832516745019079
502001,27,216,0.2390637725219354,45.94214150460287,0.0,32,88,7.942311052263875,0.09353054440034565,0.7473890026291803,0.040750244714683866,0.0,0.0,64.58335911339786,10.151908290901222,0.10009647857690504,0.0,1.0260639176672763,1.0569358186804374,0.7200785803079961
502001,30,240,0.5031169948393085,29.569106409636277,0.11641454030066908,32,88,7.427124576637133,0.048147914515641,0.8480465745774743,0.030184308193318892,0.0,0.0,38.7670884491925,4.978913956809127,0.03247067560941207,0.0,2.416763634701915,5.863651354119625,1.6450402335464642
502001,33,264,0.5442797669959862,42.19046204441257,0.07397924847696967,32,88,3.2461337170188096,0.03439783211184356,0.9397395237480253,0.024758274264954035,0.625,0.375,32.764071487104935,3.6687174536661606,0.041068483512378136,0.4375,2.4264062013866923,5.91053508179105,1.7063736337849933
502001,36,288,0.7270948628561986,40.76915418664576,0.4957208932978947,32,88,2.214901336230993,0.025920440060898737,0.94929712964362,0.012937249992039334,0.875,0.125,11.7127461605847,1.6934488793271336,0.017230017220359713,0.09375,1.903227695845768,3.63648066483138,1.338970393538137
502002,0,0,0.0,203.8877639425148,2.71684535584963,32,88,23.545341465196,0.1205273547773911,0.17695748802865538,0.01711770068904429,0.0,0.0,188.51935020213796,17.698686436006355,0.08435225311192714,0.0,12.730726121922114,162.70696166037624,9.010543146169596
502002,3,24,0.0,26.8307656871833,0.4387999455422631,32,88,16.903168671026737,0.1922446431204718,0.738953136899581,0.11974658751623335,0.0,0.0,168.57415112123311,24.215032861921458,0.27621198442307954,0.0,2.274259709709762,5.1925405888844445,1.606336721842758
502002,6,48,0.15552385341145375,23.634434861368504,0.9197247753194241,32,88,12.839809525753129,0.13479661227957185,0.7852095392193125,0.12230029423860546,0.0,0.0,133.47474386987838,6.813885356279266,0.07453199273497994,0.0,3.155109496245101,9.993754034995229,2.1054981895694285
502002,9,72,0.07542832848657556,14.993022474984796,1.0280549533616699,32,88,8.329069598791449,0.10671127943732264,0.8821247602485681,0.03045311851146295,0.15625,0.15625,77.27062183931709,5.694023980743206,0.06183606270287808,0.125,3.8561309821512713,14.928058881512843,2.7233207825107613
502002,12,96,0.10479206754006308,14.85267328671733,0.07952724029064355,32,88,7.7111234167665135,0.10923674463227191,0.8682153646689938,0.015546098665157547,0.40625,0.40625,62.21192654075392,7.721655565123175,0.10040573569372098,0.28125,1.6269021332794604,2.657190200489917,1.1392049384754697
502002,15,120,0.8560798412221338,14.904275890026355,0.4596805078773637,32,88,2.055403255047732,0.03397001558696805,0.9517080036872073,0.009954831806120282,0.90625,0.09375,7.827959088996227,0.36719951403697215,0.006444630121661704,0.0,1.0462229932108817,1.0988750321173426,0.7269924706237529
502002,18,144,0.8894363798819094,47.25929090170608,0.848845567266022,32,88,0.30600818729520674,0.005517652683329083,0.9575665854256423,0.005517652683329083,1.0,0.0,3.316780712694798,0.27816829838264445,0.0052355898464368535,0.0,6.464765139156229,41.957083160545636,4.183539520668069
502002,21,168,0.9347218045734603,14.919219148517362,0.007257192206548107,32,88,0.18715758320657563,0.0037721312849466255,0.9539617685248256,0.0037721312849466255,1.0,0.0,0.9656802273700376,1.7171041084785901e-13,0.0,0.0,1.079988166312901,1.1709484567852173,0.7517201484770868
502003,0,0,0.0,230.58327382927703,3.8709653536565347,32,88,55.706128544372085,0.053250465386688955,0.013460684681812269,0.061120503349279154,0.0,0.0,144.98096183752708,30.06712582684762,0.0,0.0,14.779378985631492,219.28663160563553,10.385285644272997
502003,3,24,0.0,82.93132274839807,0.0,32,88,29.308837511676916,0.0,0.0,0.00026546490399207947,0.0,0.0,180.16270322374814,24.416280784498742,0.0,0.0,1.559177110099487,2.440566724425473,1.1023072921513424
502003,6,48,0.0,14.76173416981097,0.24155952221324356,32,88,55.924173502592865,0.0,0.0,0.0,0.0,0.0,140.49976052888368,68.76342252809717,0.0,0.0,2.961894013321226,8.80721934672124,2.0828604568627718
502003,9,72,0.0,14.823294379109177,0.6988487644347632,32,88,15.356259992637979,0.0,0.0,0.0,0.0,0.0,81.89895077786804,16.825744777613252,0.0,0.0,1.8799225622820546,3.547968090530756,1.3158130775265682
502003,12,96,0.0,61.96817953901337,0.6301398200252893,32,88,18.525033740414028,0.0,0.0,0.0,0.0,0.0,134.70443159699008,21.707789540335405,0.0,0.0,3.17338670531488,10.109874880220072,2.2437175202581217
502003,15,120,0.0,14.848326517759991,0.5778126183976253,32,88,22.96417918004192,0.01682389740967899,0.004296920798073735,0.01710771372218821,0.0,0.0,116.79833849219388,37.68912314179876,0.01173956326300682,0.0,2.5848735621858525,6.70777357300693,1.8204060362233205
502003,18,144,0.0,59.51561236086131,0.10455971499616312,32,88,21.491293292853527,0.07085356241299261,0.30487280969708336,0.06909198427116846,0.0,0.0,129.19665967981922,42.06930126005584,0.11565920907739899,0.0,2.3253892770990903,5.428640918635836,1.6182584579616404
502003,21,168,0.0,14.827134977101444,0.4475950281964456,32,88,23.188977142110247,0.07751405634107894,0.2281435782928692,0.0506656940442815,0.0,0.0,163.2385948366249,23.924618562496384,0.08474616757424994,0.0,2.425828494305576,5.907720918623225,1.706750964775411
502003,24,192,0.0,60.21823905996557,0.37903058605729245,32,88,11.496557885583355,0.0568360409866981,0.2957420005795027,0.03362816232240828,0.0,0.0,210.1488095874164,12.984093895581148,0.045911194833732946,0.0,2.5375610729243046,6.464468027051401,1.7929289788338234
502003,27,216,0.0,14.790375210540851,0.08157920342943706,32,88,10.061339634487666,0.11133712805532303,0.43099204592565565,0.10505747444200854,0.0,0.0,190.00244503262414,9.651710352300283,0.11108145830749298,0.0,2.229387276300378,4.989658481172095,1.576143722067652
502003,30,240,0.31246016527966664,29.646118845383324,0.24274863008439995,32,88,18.36181373091077,0.1923270489491271,0.4954629308974755,0.2093543365289237,0.0,0.0,45.40277872594577,22.049036027917587,0.23913699409290645,0.0,2.847982557512267,8.142812509258391,1.9890080834984578
502003,33,264,0.32865963908987483,14.963565017691367,2.740967893740026,32,88,13.427070483373381,0.15998782906334127,0.8286771701135748,0.15227754991245945,0.09375,0.09375,51.594281790492566,7.183039202112911,0.11527690631624575,0.1875,15.774988161910244,249.8261348476572,10.520536372043512
502003,36,288,0.3289557290265452,14.918056233694115,1.67485543147083,32,88,22.797545785692435,0.2400787445007518,0.7304871003256452,0.018404628675452017,0.375,0.375,57.715747930731425,15.333417538245788,0.2089119648521488,0.40625,5.8755064572903555,34.65695485958084,3.3984069156420533
502004,0,0,0.28488622458142326,7.055537346331448,0.0064243074123196044,32,88,4.402644130713855,0.0531637145582682,0.8453634672109217,0.014715556202513625,0.0,0.0,90.22851527086432,5.609313995454981,0.05988188020536694,0.0,1.6771710394452526,2.823933686516817,1.181747371656472
502004,3,24,0.7338064092048657,14.996416307716762,1.8811940544296375,32,88,7.6910212441811545,0.08698205788836297,0.879556949724297,0.02887964728957125,0.15625,0.15625,19.254442277724415,7.638569010417976,0.09460396770963814,0.0625,7.551492186517493,57.24866182830158,5.1672357880389335
502004,6,48,0.7298805815641775,14.852353670813311,1.2030389752351336,32,88,6.554427819764612,0.0862739091387604,0.9033274017384263,0.025375379806011587,0.1875,0.1875,11.115322128556627,5.921926818889433,0.07343802894196302,0.25,4.225980120385113,17.928942911136804,2.851031077161249
502004,9,72,0.6913947901665939,51.37426476132709,0.07523402821556954,32,88,5.15584426757693,0.06621794690813106,0.9263241310899681,0.017226798019184152,0.375,0.375,13.07593931966046,4.249490580766807,0.06485942923606379,0.5,1.93006026498883,3.739740989729871,1.3466519057213944
502004,12,96,0.8076586668786464,14.939897850376527,1.4241199962862936,32,88,5.619167398612126,0.08069981799040941,0.9135251844048695,0.024615337333999093,0.40625,0.40625,5.8754462712491,6.418904433648669,0.10204877567566407,0.28125,6.487623539296211,42.254315106013145,4.074154028645721
502004,15,120,0.9078937093398268,15.115817756497943,0.8098754161594925,32,88,3.7212435201286684,0.049580752518939196,0.9405250648575714,0.017317100485019186,0.78125,0.21875,3.834671338905185,3.476887390576283,0.050348853252865644,0.25,3.5864120848107044,12.91279223675106,2.4726884169510814
502004,18,144,0.9078937093398268,35.47444897104783,0.5462845146744032,32,88,0.48762956299904275,0.004592338164479023,0.9614246246226338,0.004592338164479023,1.0,0.0,3.3277905587876804,0.3125082384533438,0.004420881569368578,0.0,3.180278187975637,10.153832762140704,2.226981919102756
