task,step,layer,n,positive,negative,auc,surface_auc,initial_auc,delta_vs_surface,delta_vs_initial,auc_lo,auc_hi,surface_auc_lo,surface_auc_hi,initial_auc_lo,initial_auc_hi,delta_vs_surface_lo,delta_vs_surface_hi,delta_vs_initial_lo,delta_vs_initial_hi,min_lead
overwrite_any,0,24,228,115,113,0.6895344363216621,0.5766833397460561,0.6797614467102733,0.11285109657560599,0.009772989611388838,0.6181901299195147,0.7579038914370272,0.49468888540205824,0.6479290048952392,0.6032890604158422,0.7530924755223191,0.017872173206456447,0.2052406950182373,-0.014619754461155788,0.03855909336211549,4
overwrite_any,0,25,228,115,113,0.6936898807233551,0.5766833397460561,0.6957291265871489,0.11700654097729901,-0.0020392458637937816,0.6239684888665266,0.76350484006734,0.5025615559469726,0.6477387231548698,0.6215548250453466,0.762808704136829,0.027495673635290672,0.2060667037970378,-0.022526901901901927,0.01684845626222231,4
overwrite_any,0,28,228,115,113,0.6819545979222779,0.5766833397460561,0.6806079261254329,0.10527125817622174,0.0013466717968450004,0.605871584960568,0.7550252611673445,0.5021076169002773,0.6488349195407624,0.6107529408637488,0.7530661457707557,0.0033560325057053852,0.19795950383929806,-0.022754755832752074,0.03284737777091222,4
overwrite_any,0,24,201,88,113,0.7132944489139179,0.5783386967015286,0.7058024939662108,0.1349557522123893,0.007491954947707158,0.6468403799566018,0.777901556836277,0.4965815815815816,0.6616448584095643,0.6341891830769318,0.7736656935693771,0.03666186347637955,0.2345025503244007,-0.020382101540108687,0.03400535353170593,8
overwrite_any,0,25,201,88,113,0.732451729686243,0.5783386967015286,0.7290325824617859,0.15411303298471435,0.00341914722445702,0.6632230732341352,0.7967691657207786,0.4941359589812937,0.6589814117482389,0.6566333666333667,0.7922960431812702,0.05922822638242975,0.24794237546575887,-0.03206615890083638,0.035172795658992194,8
overwrite_any,0,28,201,88,113,0.7181214802896219,0.5783386967015286,0.726015687851971,0.13978278358809326,-0.007894207562349154,0.6465825520129234,0.783391131113578,0.4959297477590161,0.6561675312323179,0.6557040633170004,0.7948054202115,0.04325412606880098,0.23520325179926221,-0.02816618505297738,0.009742870985603506,8
overwrite_any,0,24,172,59,113,0.6958902054897256,0.5428228588570572,0.7015149242537874,0.1530673466326684,-0.005624718764061787,0.6078723549425956,0.7761382328363461,0.44227375396262675,0.6330559450842385,0.6155081149901449,0.7811495799112621,0.04321056547619047,0.2600578805560375,-0.03362380765401096,0.02260054075689517,16
overwrite_any,0,25,172,59,113,0.6798410079496024,0.5428228588570572,0.674891255437228,0.13701814909254528,0.004949752512374395,0.5883097674364012,0.7633766609008368,0.44378202790560534,0.6359699031887268,0.5787129731206406,0.760936352334891,0.024456129807692264,0.2566470907291219,-0.01577346041055717,0.025273555360650388,16
overwrite_any,0,28,172,59,113,0.7192140392980352,0.5428228588570572,0.7086395680215989,0.176391180440978,0.010574471276436292,0.638581886402867,0.7882143158473954,0.45194266852662085,0.6434037663993444,0.6245273126657824,0.7777296501177098,0.05241813832275597,0.27851421368765544,-0.014452491165674767,0.03949017088080027,16
recover_any,0,24,343,256,87,0.6627155172413792,0.6001257183908046,0.6731770833333334,0.06258979885057459,-0.010461566091954144,0.5900860825827515,0.7349670009087818,0.530111803299122,0.6667481986844139,0.6003436865123838,0.744132250527627,-0.01399491828488886,0.15139417227331148,-0.026268751856194837,0.004526065644655259,4
recover_any,0,25,343,256,87,0.6809446839080461,0.6001257183908046,0.673895474137931,0.08081896551724144,0.007049209770115028,0.6115976430976431,0.744720488221646,0.5333407060072548,0.6619670373601152,0.600900150143397,0.7326623934838123,-0.002562270095767686,0.15752513497405726,-0.011605474996946702,0.023758281232824943,4
recover_any,0,28,343,256,87,0.6355513649425287,0.6001257183908046,0.619342672413793,0.03542564655172409,0.01620869252873569,0.5586031477947859,0.6952832729527558,0.5341013734745194,0.6664937495766695,0.5474059778343824,0.6825594588676028,-0.04054867861756406,0.11483629792250351,-9.739411062367092e-05,0.03511358103921396,4
recover_any,0,24,307,220,87,0.6833333333333333,0.6079414838035527,0.6804597701149425,0.07539184952978062,0.002873563218390829,0.6150096136706791,0.7452079682506958,0.5390900791235544,0.6705506130996072,0.6131235481588947,0.7383999371345565,-8.172478206727152e-05,0.1525665698938489,-0.01638484654064667,0.023799960484873876,8
recover_any,0,25,307,220,87,0.7120689655172414,0.6079414838035527,0.7040752351097179,0.10412748171368869,0.007993730407523492,0.6501151369400677,0.7720062980123646,0.5388391122766122,0.6725527442465075,0.6432753992130339,0.7700072915527362,0.03309440811688325,0.18209682500554758,-0.010135334054313834,0.02665522882381035,8
recover_any,0,28,307,220,87,0.6528213166144201,0.6079414838035527,0.6829153605015675,0.04487983281086738,-0.030094043887147426,0.58544696048254,0.7129720461400189,0.5419447423149412,0.6799269699098467,0.624649529997436,0.7402999054799494,-0.049411183680051575,0.13430657917328942,-0.05589212853617115,-0.00694783500539074,8
recover_any,0,24,254,167,87,0.6250258104480694,0.5939156170417784,0.63579737077569,0.031110193406290954,-0.01077156032762061,0.5552815223854904,0.6971411897110308,0.5169038839129865,0.6647335351698181,0.5671719871015253,0.7122341269419464,-0.04741876372952588,0.10967482030713373,-0.037755393573856696,0.013833787165145776,16
recover_any,0,25,254,167,87,0.6460183082111638,0.5939156170417784,0.640649735012733,0.05210269116938537,0.005368573198430759,0.5723609479044262,0.7157627736976221,0.5153511952622464,0.6677899835965695,0.5592435220071339,0.720822994678826,-0.02152737544604178,0.12865145318482418,-0.021209201471461013,0.027118604268196046,16
recover_any,0,28,254,167,87,0.6468442425493841,0.5939156170417784,0.6484272833643059,0.05292862550760569,-0.0015830408149217767,0.5737762212962528,0.7154426119971621,0.5242206939253085,0.671512226137204,0.5739482583274197,0.7154560050556886,-0.02983495407409149,0.14054639611075892,-0.02567342301363797,0.02573804573804574,16
transient_overwrite,0,24,202,90,112,0.7120535714285714,0.6094246031746032,0.7130456349206349,0.10262896825396817,-0.0009920634920634885,0.6444704220671319,0.7816395995312723,0.5334645677212813,0.6795954298533181,0.6454272598870057,0.7769981357927785,0.009579157775250818,0.19785886322699678,-0.02731374958516903,0.02775350507030395,4
transient_overwrite,0,25,202,90,112,0.698859126984127,0.6094246031746032,0.7321924603174604,0.08943452380952377,-0.03333333333333344,0.6198390151515152,0.7666561271108735,0.5268147901891254,0.6848349664028645,0.651214983134626,0.7936839920948616,-0.004944532502876535,0.18458204631827851,-0.0597083558454255,-0.008995628318398528,4
transient_overwrite,0,28,202,90,112,0.6717261904761904,0.6094246031746032,0.6757440476190477,0.06230158730158719,-0.004017857142857295,0.5896292348889108,0.7422666988565382,0.5290684299875775,0.6867076600994166,0.5952011572676174,0.7467084986063465,-0.03295115519691798,0.15182640050167223,-0.030391362028301946,0.018250380441854962,4
transient_overwrite,0,24,182,70,112,0.6938775510204083,0.599234693877551,0.6724489795918367,0.09464285714285725,0.021428571428571574,0.6082390873015874,0.7674989518739519,0.504405943085998,0.6830214771626055,0.5887308040379161,0.7503855702293203,0.005088472889155712,0.1940152110462506,-0.004096900123685889,0.048423912713782435,8
transient_overwrite,0,25,182,70,112,0.6951530612244897,0.599234693877551,0.6823341836734694,0.0959183673469387,0.012818877551020291,0.6099447852987092,0.7731916593481655,0.5160167191876751,0.6825888707520007,0.593286217989615,0.7628585771658061,-0.004564161838978058,0.1814715695042918,-0.010176767676767775,0.03738493546460977,8
transient_overwrite,0,28,182,70,112,0.6985969387755103,0.599234693877551,0.7073979591836735,0.0993622448979593,-0.008801020408163218,0.6217849892145667,0.7667663505706749,0.5158094543056324,0.6879040096082779,0.634654391802113,0.7754815298343027,0.00416827108201775,0.19010848126232746,-0.041534905628918366,0.023740172732085958,8
transient_overwrite,0,24,155,43,112,0.6993355481727576,0.5305232558139534,0.696843853820598,0.16881229235880413,0.002491694352159568,0.6022410056174303,0.7838436748166197,0.4246336889776133,0.6330936064579232,0.6074127689942908,0.7796225262980582,0.023900911400911447,0.30590077903331847,-0.03166369509995488,0.03461808612209676,16
transient_overwrite,0,25,155,43,112,0.6893687707641196,0.5305232558139534,0.6864617940199335,0.1588455149501662,0.0029069767441861627,0.5992302291204731,0.7815805931338665,0.43844030692955593,0.6308251433251432,0.596704526578073,0.7729415637975798,0.020011009644553213,0.2821587240644391,-0.023395026948418905,0.03010101010101002,16
transient_overwrite,0,28,155,43,112,0.7468853820598007,0.5305232558139534,0.7460548172757475,0.21636212624584727,0.0008305647840531893,0.6660434223518336,0.8236362800560236,0.4390852532058248,0.6328451735670626,0.6648288928638674,0.8183860427121017,0.08640909408517629,0.33459624554935324,-0.022727875233904148,0.02412145733606871,16
transient_recovery,0,24,127,46,81,0.572463768115942,0.4589371980676329,0.5544820182501342,0.11352657004830913,0.017981749865807806,0.4595343137254902,0.6666710935331895,0.35489717425431716,0.5686774926490243,0.4490051286214969,0.6563304103762072,-0.018623217938882497,0.2580578429219733,-0.023727272727272732,0.06115168716825342,4
transient_recovery,0,25,127,46,81,0.5504562533548041,0.4589371980676329,0.6159420289855073,0.09151905528717119,-0.06548577563070324,0.4438804960100141,0.656808040511498,0.3657779255319149,0.5642396955946304,0.5076931203515889,0.7226625755197184,-0.03334413859636737,0.22282007630638445,-0.11398274987316084,-0.02227212282398444,4
transient_recovery,0,28,127,46,81,0.630703166935051,0.4589371980676329,0.6352657004830917,0.17176596886741813,-0.004562533548040704,0.5331051894441987,0.7173977272727272,0.3664667182662538,0.5599513920433817,0.5455659327065808,0.7319395243100936,0.030862435757014108,0.30070728291316523,-0.030869915857128775,0.02224421992544439,4
transient_recovery,0,24,119,38,81,0.5740740740740741,0.5367121507472384,0.6018518518518519,0.03736192332683563,-0.02777777777777779,0.4637647898816809,0.6800235478806907,0.43498181261247465,0.6453945033213325,0.49552264295473125,0.7057013996790544,-0.12186860635613452,0.18211538461538454,-0.05864876316283596,0.0031586642363502565,8
transient_recovery,0,25,119,38,81,0.6111111111111112,0.5367121507472384,0.5929174788823911,0.07439896036387272,0.018193632228720058,0.5035903228297807,0.7264471991142499,0.43258604915108984,0.6408394428152492,0.48272396288832276,0.7129700328407225,-0.07269986312137475,0.22069262038774223,-0.02564965888541825,0.060683590288853534,8
transient_recovery,0,28,119,38,81,0.5860948667966213,0.5367121507472384,0.5932423651721898,0.049382716049382824,-0.007147498375568495,0.48517441860465116,0.7139533490072342,0.4323476786891421,0.6518460077996715,0.4921948670202998,0.7254493940469551,-0.1100145413941146,0.23128345737041395,-0.025215959993821434,0.01624480055061793,8
overwrite_any,1,24,232,116,116,0.7259958382877527,0.5761741973840666,0.7171521997621878,0.1498216409036861,0.008843638525564912,0.6629608653910515,0.7862744892330297,0.500337624694869,0.6444053256950252,0.6518195347131045,0.7748731126636141,0.06647835685325605,0.2370938090003892,-0.03342719281099951,0.05355151650312221,4
overwrite_any,1,25,232,116,116,0.7171521997621879,0.5761741973840666,0.7048156956004756,0.1409780023781213,0.01233650416171228,0.6388357419134295,0.7790646473157679,0.49768847104519776,0.6447125949165196,0.6292141154661017,0.7638354722383295,0.06773941125957814,0.2220006517361065,-0.02935032118826576,0.06275073657532075,4
overwrite_any,1,28,232,116,116,0.7050386444708681,0.5761741973840666,0.7236177170035673,0.12886444708680145,-0.018579072532699192,0.6274672876617461,0.7698526535777284,0.5015518517166999,0.6449042236776154,0.6527549026633542,0.7841849169072295,0.04030263395588154,0.211114208577051,-0.057245315977698864,0.018517212875620002,4
overwrite_any,1,24,201,85,116,0.6962474645030425,0.5623732251521298,0.7194219066937119,0.1338742393509127,-0.02317444219066933,0.6179926297265007,0.7615360739928201,0.48582146425512823,0.6414312236105684,0.6477780898876405,0.7901649968720972,0.030476277534015914,0.22514742404901564,-0.08605525983483818,0.035934377819590045,8
overwrite_any,1,25,201,85,116,0.7306795131845842,0.5623732251521298,0.6879310344827586,0.1683062880324544,0.04274847870182563,0.6547200885814594,0.7966151180135123,0.4829073538147948,0.6404386409736308,0.6067603509784842,0.7609393024983514,0.0581690149480679,0.2506344893631074,-0.007660326953748,0.10044852291049046,8
overwrite_any,1,28,201,85,116,0.6975659229208925,0.5623732251521298,0.7245943204868154,0.13519269776876264,-0.0270283975659229,0.6212744917444205,0.7643795459319652,0.47646677505653373,0.6367619658119658,0.6484752305548056,0.7906405935374591,0.04516231231468042,0.22611721837944662,-0.07467561921953218,0.015606318755348894,8
overwrite_any,1,24,178,62,116,0.6610817575083426,0.5525583982202447,0.6631674082313682,0.10852335928809798,-0.0020856507230255783,0.5715381968327665,0.7478407500518349,0.46254986678716464,0.6408270567912836,0.5701558689953107,0.7447138564822422,0.0015796863853527832,0.20720766786179926,-0.07206431079894639,0.06433964303359689,16
overwrite_any,1,25,178,62,116,0.653086763070078,0.5525583982202447,0.650027808676307,0.1005283648498333,0.0030589543937709074,0.5576229553492484,0.7280072395851084,0.4629325929752066,0.6437532002048131,0.5549176136363637,0.727052655529589,-0.014986400357244255,0.21695145899500898,-0.05006631611506328,0.062039167027350246,16
overwrite_any,1,28,178,62,116,0.6785317018909901,0.5525583982202447,0.7421440489432705,0.12597330367074544,-0.06361234705228036,0.5904511855971897,0.7636070705581761,0.4733652980102626,0.6338045600132749,0.6638376774740411,0.8141687407624338,0.008140096618357462,0.22868630994892625,-0.11995939265536726,-0.009429732380552122,16
recover_any,1,24,343,250,93,0.6747096774193548,0.6441720430107527,0.6656774193548387,0.030537634408602132,0.00903225806451613,0.6063151372113282,0.7432909057479316,0.5779857584002526,0.7099285309633327,0.5936396882053865,0.7290153876845908,-0.04648073105348474,0.11415024627118733,-0.031512866950598566,0.05256666718311152,4
recover_any,1,25,343,250,93,0.6925591397849462,0.6441720430107527,0.6763870967741936,0.048387096774193505,0.01617204301075259,0.6237898949495796,0.7498619370418859,0.5775984371210456,0.7086478918762981,0.6170520205180718,0.7352362673558326,-0.022010370009332987,0.11659665685085745,-0.02537953417924673,0.050631668836575154,4
recover_any,1,28,343,250,93,0.6811182795698925,0.6441720430107527,0.6948387096774196,0.036946236559139756,-0.013720430107527104,0.6208690349002848,0.7420436640761058,0.5734875957017108,0.7131922343040228,0.6319998782297168,0.7552033147980418,-0.03415988987624235,0.10706417319403637,-0.05397041214775674,0.02721512721512717,4
recover_any,1,24,310,217,93,0.6605222734254992,0.6304940290372131,0.6566572518705713,0.030028244388286107,0.00386502155492785,0.5901447263394934,0.7307783302596803,0.5636497317184549,0.7007928104575163,0.5750093159533264,0.7267082002866502,-0.056653624408045944,0.09891295655505793,-0.04287195417114455,0.05300729145068778,8
recover_any,1,25,310,217,93,0.6732570239334026,0.6304940290372131,0.6526435756404539,0.04276299489618951,0.020613448292948644,0.6076547222635152,0.737288984363121,0.5642611733998383,0.6972611055175642,0.5771557308598254,0.7266642106229775,-0.029764435573385227,0.11108418544369086,-0.024189506713675493,0.061963304861568966,8
recover_any,1,28,310,217,93,0.6989247311827957,0.6304940290372131,0.6884198008027352,0.06843070214558267,0.010504930380060507,0.634146154564683,0.7616136918833727,0.5619976905514577,0.6954731676959165,0.6239782048930388,0.7477748767266645,-0.006533066860465109,0.14083602712067114,-0.023162701071304574,0.04309127254503252,8
recover_any,1,24,246,153,93,0.6350411132194814,0.6223908918406071,0.6259048422236279,0.012650221378874282,0.009136270995853568,0.5698455498618802,0.701138107188429,0.5442069451164719,0.6912498952572482,0.5571483678698752,0.694731349970397,-0.05262348896779922,0.0819706225287073,-0.032922171904081574,0.04727225350247494,16
recover_any,1,25,246,153,93,0.6560545365099444,0.6223908918406071,0.620985311687399,0.033663644669337245,0.035069224822545375,0.5780126383817212,0.7240356992054547,0.5469640395446846,0.6889522298962258,0.5476784680489849,0.6849517428589594,-0.036813244047619,0.10479023642037333,-0.005524583455423273,0.08446272941599843,16
recover_any,1,28,246,153,93,0.6678614097968937,0.6223908918406071,0.6285051655070631,0.04547051795628654,0.03935624428983053,0.5883295696736558,0.7316988486631344,0.5518474563937319,0.6916871825839217,0.557753430774759,0.6976512490482278,-0.035985471400969284,0.1258862413409203,3.898518409020603e-05,0.08017465817066802,16
transient_overwrite,1,24,204,89,115,0.6766976062530533,0.6028334147532975,0.6619931607230092,0.07386419149975576,0.01470444553004413,0.5994776480961478,0.7498754440089385,0.5241190743683563,0.6861192965502139,0.5814042172770029,0.7454531032305816,-0.015761082526918276,0.1705636283815162,-0.04054829302687521,0.07041392564680468,4
transient_overwrite,1,25,204,89,115,0.6683439179286761,0.6028334147532975,0.6787493893502687,0.06551050317537854,-0.01040547142159265,0.5886666731830305,0.7450191779514753,0.5181609319550898,0.6839838425957475,0.6078682813123255,0.7567894524959741,-0.03568035302356228,0.17959149203830058,-0.06328195930287929,0.045672593176282736,4
transient_overwrite,1,28,204,89,115,0.6560820713238886,0.6028334147532975,0.6915486077186126,0.05324865657059108,-0.03546653639472397,0.5857760853458381,0.7266074665819117,0.5217303545459104,0.6717829689298045,0.6149551415439591,0.758612503795435,-0.03388459687782153,0.15042372885540362,-0.08695928248750467,0.017679212064751936,4
transient_overwrite,1,24,179,64,115,0.6999320652173913,0.5391304347826087,0.7161684782608696,0.16080163043478257,-0.016236413043478337,0.6231731724948043,0.7748343759059326,0.45354507379337855,0.6266663138270983,0.6439719340112057,0.7871655868686354,0.0429601735031085,0.27022740292557357,-0.06965300397674133,0.0368456325427397,8
transient_overwrite,1,25,179,64,115,0.7092391304347827,0.5391304347826087,0.728125,0.170108695652174,-0.018885869565217317,0.632490277216136,0.7911991321021651,0.44985120867473816,0.6203818582850841,0.6478676981588317,0.801468246055175,0.07574388586956518,0.2813612262216288,-0.07299722855243788,0.03455475131215035,8
transient_overwrite,1,28,179,64,115,0.7064538043478261,0.5391304347826087,0.7802989130434783,0.16732336956521743,-0.0738451086956522,0.6077714030155892,0.7872419529326333,0.4460445159560204,0.6263691340106433,0.7017896494881138,0.8519189787741323,0.05275668524263679,0.2785363015796766,-0.13505181253870635,-0.020948037469776738,8
transient_overwrite,1,24,158,43,115,0.6869565217391304,0.5906976744186047,0.6875631951466127,0.0962588473205257,-0.0006066734074823277,0.5911731583098537,0.7763062195541103,0.4905649002836939,0.6740602684038075,0.5955717236914757,0.7730338602678242,-0.019001030772324966,0.20999016166467502,-0.07062391532700037,0.07717633549217034,16
transient_overwrite,1,25,158,43,115,0.6452982810920121,0.5906976744186047,0.7197168857431749,0.05460060667340749,-0.07441860465116279,0.5525434708363032,0.7352944763630134,0.49163539712320203,0.6765151515151514,0.6351226722224308,0.795740158870256,-0.07122685611643334,0.18407566266849715,-0.12908770178864049,-0.016492321497745804,16
transient_overwrite,1,28,158,43,115,0.7243680485338726,0.5906976744186047,0.7447927199191102,0.13367037411526794,-0.020424671385237625,0.6262419274714357,0.8054717705510387,0.4902034457478006,0.6954022562582345,0.6538761195424392,0.8268881342754567,0.02335983474103324,0.25253166941459626,-0.06925629230988668,0.028880687037223712,16
transient_recovery,1,24,125,40,85,0.6244117647058824,0.5423529411764706,0.6235294117647059,0.08205882352941185,0.0008823529411765563,0.5102951335863986,0.7345182748538012,0.441743990290502,0.6368187326809077,0.5059190087627367,0.7397377045079302,-0.0577171556583321,0.21773557692307693,-0.07118181415621307,0.0719729623824451,4
transient_recovery,1,25,125,40,85,0.5988235294117646,0.5423529411764706,0.6673529411764706,0.05647058823529405,-0.06852941176470595,0.49185515873015884,0.7052049606775559,0.4377600895723113,0.6451116138763198,0.5684118671858989,0.770589928649271,-0.0737318583815862,0.18017736728837874,-0.14965566040438405,0.00904016064257015,4
transient_recovery,1,28,125,40,85,0.6441176470588236,0.5423529411764706,0.6838235294117647,0.10176470588235298,-0.039705882352941146,0.542650561406581,0.7404723833077491,0.43774508515559296,0.6415860974610975,0.5937892827930604,0.7836519158756858,-0.01267894914827163,0.21733175750834258,-0.09176106086903561,0.010259028782768471,4
transient_recovery,1,24,119,34,85,0.571280276816609,0.5484429065743944,0.6235294117647059,0.02283737024221455,-0.05224913494809691,0.4637237998647735,0.6669199242831007,0.4309052504997501,0.6588482826813356,0.5275271932337381,0.7221831303922818,-0.11720971912548005,0.14917195207892872,-0.12899969396247968,0.024579902955096895,8
transient_recovery,1,25,119,34,85,0.5048442906574394,0.5484429065743944,0.669204152249135,-0.04359861591695502,-0.16435986159169558,0.39304439951790365,0.6212212442474766,0.44032553127506013,0.65686481716583,0.5730656420873812,0.7681320280663052,-0.16855482828750906,0.0817060451255852,-0.28449435571329984,-0.0547636539490472,8
transient_recovery,1,28,119,34,85,0.601038062283737,0.5484429065743944,0.6044982698961937,0.05259515570934259,-0.0034602076124566894,0.4900944767441861,0.722759775656117,0.4301672363211712,0.6616812335130308,0.4911513209777372,0.7148341377320838,-0.0568969941348974,0.17416585597479903,-0.052344290234250565,0.050292439682954396,8
overwrite_any,2,24,228,112,116,0.6124538177339902,0.5788947044334974,0.6173799261083743,0.03355911330049277,-0.004926108374384119,0.5484143238079655,0.6767176094615118,0.507492909488881,0.6428483176447454,0.5425069492628856,0.6828071187150911,-0.06391098962224093,0.11878991451362417,-0.062335018065073335,0.057591500961191935,4
overwrite_any,2,25,228,112,116,0.624692118226601,0.5788947044334974,0.6139162561576355,0.045797413793103536,0.010775862068965525,0.5470525220124258,0.6982768681550549,0.4969894117460061,0.6493905286407604,0.5309707815851884,0.6874599814119315,-0.054343819468337995,0.14666375752120528,-0.040221011021598314,0.06393011332973553,4
overwrite_any,2,28,228,112,116,0.6306188423645319,0.5788947044334974,0.6553263546798029,0.051724137931034475,-0.02470751231527102,0.556882650907556,0.7001540114383051,0.5038232695560282,0.6419752071150098,0.58543809235733,0.7206839030769874,-0.04191534663009016,0.150328510254329,-0.06928892679900744,0.016530320188856737,4
overwrite_any,2,24,201,85,116,0.5962474645030426,0.5468559837728195,0.6161257606490872,0.049391480730223036,-0.01987829614604464,0.5043016129272553,0.6843106405449059,0.47286526884151286,0.6290361037915386,0.531708547008547,0.7008849242032476,-0.04367202797202803,0.16050332541535292,-0.08363080851395602,0.044691860423978214,8
overwrite_any,2,25,201,85,116,0.6077079107505071,0.5468559837728195,0.5785496957403651,0.0608519269776876,0.02915821501014204,0.5288982153660012,0.6892891304347826,0.4709036787186675,0.6311845340988599,0.49295596764346766,0.6653826395097168,-0.04207719741589595,0.16878954919349656,-0.03733154906788655,0.09620118307618307,8
overwrite_any,2,28,201,85,116,0.6683062880324544,0.5468559837728195,0.647261663286004,0.12145030425963488,0.021044624746450413,0.5845754502358844,0.7397884831460674,0.4704584416995983,0.6183176246633856,0.5698518682019399,0.7177309638521174,0.02250269269758518,0.23075884433932695,-0.029302635320663576,0.07042028318120049,8
overwrite_any,2,24,181,65,116,0.6292440318302388,0.5438992042440318,0.6788461538461539,0.08534482758620698,-0.04960212201591507,0.5383117849890628,0.7198839034326527,0.45391748528289383,0.6258576526562113,0.5964550055818725,0.7538815207780726,-0.04048397126933477,0.2158297316291501,-0.10597994220635723,0.016067374465811825,16
overwrite_any,2,25,181,65,116,0.5942307692307692,0.5438992042440318,0.6530503978779841,0.05033156498673741,-0.058819628647214905,0.5057267324118502,0.6708527214554392,0.4634040392851868,0.640900894613492,0.5587631968434775,0.7461225205369665,-0.064882049736251,0.16746357767490821,-0.12330935516587058,0.0007952590568710677,16
overwrite_any,2,28,181,65,116,0.6509946949602122,0.5438992042440318,0.6373342175066312,0.10709549071618041,0.01366047745358101,0.5598543350441468,0.7370550141242936,0.45935779621898654,0.6267340308407525,0.5500534662982098,0.7167007814670742,-0.005829759742803224,0.21366368924393792,-0.045943832712985966,0.06499467931233983,16
recover_any,2,24,353,260,93,0.6650951199338296,0.6590570719602977,0.6806451612903226,0.006038047973531913,-0.01555004135649296,0.5993642441317217,0.7253372702771693,0.5928498658219443,0.7235964525939514,0.6116656103766298,0.7430087826122157,-0.05393710630905611,0.08055374097150368,-0.054231991412101395,0.02420321143050369,4
recover_any,2,25,353,260,93,0.6715053763440861,0.6590570719602977,0.6575682382133995,0.012448304383788411,0.013937138130686644,0.6019088082249907,0.7412670470811171,0.5863606426028216,0.7240705262479455,0.5931978381494329,0.7297078236927774,-0.054127064532564564,0.08088486692770416,-0.029296959570530856,0.05339427902705978,4
recover_any,2,28,353,260,93,0.6237799834574028,0.6590570719602977,0.6459057071960298,-0.035277088502894904,-0.02212572373862698,0.5575863487749052,0.6969865940187548,0.5953265067366883,0.7154285344821719,0.5751039787456484,0.7094232246746902,-0.10808387011795104,0.03591973638578043,-0.059287210840796835,0.01564005069708493,4
recover_any,2,24,318,225,93,0.6789486260454002,0.6194982078853046,0.7174671445639189,0.05945041816009555,-0.03851851851851873,0.6080084348641049,0.7511381624740475,0.5443486795799154,0.6926705688804216,0.6573391211382152,0.7815301935899357,-0.011463321844096546,0.13347692240957085,-0.0785792476011598,0.0004374894925037748,8
recover_any,2,25,318,225,93,0.6726881720430108,0.6194982078853046,0.7133094384707288,0.05318996415770616,-0.04062126642771802,0.6047654653782383,0.735246643870314,0.5504195414413764,0.6837008805132186,0.6487583001083687,0.7697041203108358,-0.014007636379742583,0.12233708386823497,-0.08716105113419192,0.00523864994026279,8
recover_any,2,28,318,225,93,0.6436081242532856,0.6194982078853046,0.650131421744325,0.024109916367980988,-0.006523297491039415,0.5809906467655759,0.7029970730591847,0.5568595900123607,0.6872469320200708,0.5820572057205721,0.7165236957387495,-0.04206365908231255,0.09995322077025508,-0.051148996288798786,0.04207094402810603,8
recover_any,2,24,252,159,93,0.6434706160816933,0.6408331642659092,0.6726178399945899,0.00263745181578412,-0.02914722391289659,0.5658781901662806,0.7044474593989737,0.562947949888471,0.7090883922913402,0.5937488979382829,0.7374908812555417,-0.0871689737028327,0.07686965198625534,-0.08732202291110332,0.02188572896928267,16
recover_any,2,25,252,159,93,0.6610874416717386,0.6408331642659092,0.6559139784946237,0.020254277405829413,0.005173463177114868,0.5794791705516296,0.7297587978072672,0.5696624252144973,0.7061315684713376,0.5712597581808037,0.7290654730443974,-0.05717927029718408,0.10701781408778471,-0.0426542918402711,0.05473004842180772,16
recover_any,2,28,252,159,93,0.6475958612294583,0.6408331642659092,0.6677486981808345,0.006762696963549142,-0.020152836951376152,0.5712027012904032,0.7164125608669187,0.5666068682435441,0.7042939010200039,0.5889978034511354,0.7342491907744134,-0.07556261336656292,0.08815913177615298,-0.06514113846596833,0.022902394713048706,16
transient_overwrite,2,24,203,88,115,0.6035079051383399,0.5995059288537549,0.6553359683794467,0.004001976284584985,-0.05182806324110689,0.5267860203723218,0.6812253948985676,0.5124461454269122,0.6837153641182314,0.5763031230278672,0.723270870770187,-0.09781014964814298,0.11735977968815506,-0.11283374157715896,0.013727773859460154,4
transient_overwrite,2,25,203,88,115,0.6189723320158103,0.5995059288537549,0.5868577075098814,0.01946640316205539,0.032114624505928835,0.5491627891210803,0.6940948520577245,0.5195909031382447,0.6809709406940129,0.5141067931141119,0.6710179178463687,-0.09017781055391676,0.11908702252570029,-0.03471913229499906,0.09836421595342519,4
transient_overwrite,2,28,203,88,115,0.6129446640316205,0.5995059288537549,0.5883893280632411,0.013438735177865646,0.024555335968379444,0.5466844526157669,0.6841472120152163,0.5168453158206475,0.6751781515341192,0.5152800037568044,0.6665422183281411,-0.08573051215949708,0.1092249561399178,-0.03404754117095353,0.08750755895988718,4
transient_overwrite,2,24,179,64,115,0.6767663043478261,0.5247282608695653,0.6942934782608696,0.1520380434782609,-0.01752717391304348,0.5982706263393727,0.7625865880303896,0.4363887935346561,0.6141510339871386,0.6068326038078836,0.7722751284980012,0.04156007866564147,0.2694385619690154,-0.07762302225797796,0.04238191780733005,8
transient_overwrite,2,25,179,64,115,0.6610054347826086,0.5247282608695653,0.6663722826086956,0.1362771739130434,-0.0053668478260869845,0.5754048532939735,0.7440689975929544,0.44100672380156075,0.6142129257173505,0.5740838429188544,0.7546185627462242,0.013741881245847447,0.24598007656390175,-0.0724252631461393,0.06811847311063732,8
transient_overwrite,2,28,179,64,115,0.6650135869565218,0.5247282608695653,0.6683423913043478,0.14028532608695654,-0.0033288043478260088,0.5730648326935368,0.7431888099228522,0.4399852677820655,0.6141237569557978,0.5830932389874516,0.7421177326730064,0.022353184449958777,0.2512398378891787,-0.0818538542109395,0.07296006409466291,8
transient_overwrite,2,24,161,46,115,0.6516068052930055,0.5389413988657845,0.6975425330812853,0.112665406427221,-0.04593572778827981,0.5543543388429751,0.7459396517227581,0.4487515542283133,0.6416216259230966,0.5995992366412215,0.7819893789146769,-0.005645404383589562,0.22817109024273075,-0.10991461022391384,0.01560203390515867,16
transient_overwrite,2,25,161,46,115,0.6212665406427221,0.5389413988657845,0.7181474480151229,0.08232514177693762,-0.09688090737240074,0.5252957005973121,0.7175269895794244,0.43714975802283224,0.6427233638597275,0.6268672712987634,0.8054262354186341,-0.04518089430894311,0.21675707110521852,-0.17338666840822,-0.022950894456939142,16
transient_overwrite,2,28,161,46,115,0.6612476370510397,0.5389413988657845,0.690359168241966,0.12230623818525521,-0.029111531190926243,0.5635168152626905,0.7571486905921749,0.4397797794129058,0.6359512122428621,0.5937742754444435,0.7857942525037203,-0.0009155759432307219,0.26161470953712324,-0.08773904867256638,0.023846413565426113,16
transient_recovery,2,24,127,41,86,0.5964265456608054,0.5309132161089053,0.5904707884288146,0.06551332955190015,0.005955757231990821,0.47816926840633733,0.6932675884441102,0.40600470957613816,0.6355111829965094,0.46738426982232395,0.6825248702986123,-0.09020798243182736,0.2029699860500983,-0.06701784215348047,0.07485638679304105,4
transient_recovery,2,25,127,41,86,0.6137266023823029,0.5309132161089053,0.6097560975609756,0.08281338627339763,0.003970504821327325,0.5071332525253135,0.7110326688815061,0.423162861136999,0.637602763090568,0.5085470085470085,0.6995924729076903,-0.06394782478748327,0.22004333050673236,-0.06814725439725436,0.07116366366366365,4
transient_recovery,2,28,127,41,86,0.5734543391945547,0.5309132161089053,0.5635280771412365,0.04254112308564939,0.009926262053318147,0.46035789618488626,0.6845597319347319,0.40963044711336905,0.6287091419816139,0.4477476911386486,0.6700033009626031,-0.07070628085808345,0.18256998556998558,-0.05378673292999131,0.08030756094585872,4
transient_recovery,2,24,124,38,86,0.6373929008567931,0.5128518971848225,0.6018971848225214,0.12454100367197063,0.03549571603427171,0.5346603587174708,0.7301157774449926,0.39487239163982824,0.6384234778564132,0.49755161598650954,0.70864556416882,-0.018677596912890976,0.263440285204991,-0.03532216819311992,0.1013793419989718,8
transient_recovery,2,25,124,38,86,0.6080171358629131,0.5128518971848225,0.6254589963280294,0.09516523867809057,-0.01744186046511631,0.4948218448218449,0.7117490869400949,0.38932588128885515,0.6177854125033805,0.5212431865529539,0.7169848850877133,-0.038846464774688054,0.21715881272949814,-0.0973122573360513,0.0557181707730561,8
transient_recovery,2,28,124,38,86,0.5486536107711139,0.5128518971848225,0.5778763769889841,0.03580171358629136,-0.029222766217870233,0.44616930100438346,0.6544781162409987,0.403003342898044,0.6355982190525369,0.4687262267711963,0.6855206252081252,-0.08829849084611573,0.15290000054581504,-0.0835689806183379,0.028668498008476467,8
overwrite_any,4,24,229,108,121,0.6237373737373738,0.4638047138047138,0.6113406795224977,0.15993265993266004,0.012396694214876103,0.5451682896970127,0.6910963901689708,0.3957548748409801,0.5417391304347826,0.5322458949191767,0.6846578421894377,0.06158532833925608,0.25233317520556603,-0.044777069592246685,0.06819767287112952,4
overwrite_any,4,25,229,108,121,0.6063666972757881,0.4638047138047138,0.5951943679216407,0.1425619834710743,0.011172329354147359,0.5349574735914178,0.6713593534548797,0.3933152173913043,0.5378395092147654,0.5199347220311595,0.6617282802449043,0.044829512137476324,0.24400233014997452,-0.030424728151869092,0.06061982418008269,4
overwrite_any,4,28,229,108,121,0.6443220079583716,0.4638047138047138,0.6169268441995714,0.1805172941536578,0.027395163758800134,0.5734227193396293,0.7097002363919672,0.39356627140944384,0.5358754610620572,0.5516154369416832,0.6893594291605049,0.0866648932033605,0.2737508975490855,-0.012846234311592864,0.06639020896528475,4
overwrite_any,4,24,203,82,121,0.5873815762951018,0.46855472686958277,0.5978633340052409,0.11882684942551902,-0.01048175771013915,0.4942884113013918,0.6665622718458796,0.3862740500463392,0.5526085540469983,0.5087307388149885,0.6788301525139911,0.014278599898751595,0.22477314649175117,-0.07051964962121213,0.055460773628265035,8
overwrite_any,4,25,203,82,121,0.5728683733118323,0.46855472686958277,0.570802257609353,0.1043136464422495,0.0020661157024792765,0.49026750751150716,0.6518354353118964,0.3927857532799546,0.543886951186574,0.4883896729254997,0.6568555996152834,7.286726215395979e-05,0.2128797619047619,-0.057066834335313905,0.058663793097965135,8
overwrite_any,4,28,203,82,121,0.6068332997379561,0.46855472686958277,0.6131324329772223,0.1382785728683733,-0.00629913323926623,0.5279757494683406,0.6894129616023701,0.38532143410248276,0.5466266843329602,0.5448990597957367,0.7006996546494693,0.03896395082454894,0.2510707896593429,-0.05955072659027308,0.043979317048172574,8
overwrite_any,4,24,183,62,121,0.6385630498533724,0.3998933617701946,0.6423620367901892,0.23866968808317784,-0.003798986936816795,0.5359569766168609,0.7233813559341922,0.3019525388928374,0.4859160376279522,0.5461134948694807,0.72593538737256,0.10612039796361823,0.3660739750445632,-0.09169236657917759,0.0836266169416969,16
overwrite_any,4,25,183,62,121,0.5997067448680352,0.3998933617701946,0.6280325246600905,0.19981338309784064,-0.028325779792055306,0.5109566598636706,0.681938272113577,0.30403950458942425,0.4936708304742893,0.5438223085338163,0.7075666685692655,0.0692667234576758,0.32006229308988815,-0.1036969345127065,0.05019384361833324,16
overwrite_any,4,28,183,62,121,0.637763263129832,0.3998933617701946,0.6420954412156759,0.23786990135963743,-0.004332178085843852,0.5589225683857947,0.7156198685181535,0.30242369112920925,0.515582685124265,0.5657799595163413,0.7186011771893136,0.11687013619071888,0.35157888564908724,-0.0666691803933963,0.06538383636039882,16
recover_any,4,24,344,249,95,0.6736419361657155,0.646586345381526,0.7077996195307545,0.02705559078418951,-0.03415768336503899,0.6007498300099544,0.7317739604721802,0.5810284608557477,0.7051539083161916,0.6373594017457922,0.7693978511371393,-0.04332725473773058,0.10329373648557037,-0.0731951127238858,0.005845855928611632,4
recover_any,4,25,344,249,95,0.6837455083491861,0.646586345381526,0.7103360811667724,0.037159162967660087,-0.026590572817586255,0.6179690795293309,0.7446215999936704,0.5842293792883495,0.710253297314265,0.6420471245582732,0.7694592284414676,-0.03561986328696434,0.10707355975463277,-0.06622177443213274,0.009120561556848655,4
recover_any,4,28,344,249,95,0.6853096596913972,0.646586345381526,0.7251743817374761,0.03872331430987119,-0.039864722046078827,0.6162457719720181,0.7484261574782675,0.5756444989189554,0.7044871396507137,0.6646745652223044,0.7772157248448925,-0.03026643395242659,0.11357713804227353,-0.08298027608934394,0.006689579597529281,4
recover_any,4,24,303,208,95,0.6693825910931174,0.6556174089068827,0.7058704453441295,0.013765182186234681,-0.036487854251012086,0.604767424386917,0.7305846831758536,0.5937837737452238,0.7212836649185569,0.6399688283911533,0.7734804875038962,-0.06126608018591717,0.08144958453283813,-0.07653171669253393,0.004018892264399445,8
recover_any,4,25,303,208,95,0.6507085020242915,0.6556174089068827,0.6786943319838057,-0.0049089068825911575,-0.027985829959514152,0.5812238586843543,0.7174815560738345,0.5878027172518567,0.7160315477120891,0.6087817761831058,0.7453456095791001,-0.08183752325563218,0.07353176710255985,-0.07363939002944875,0.014187951268717823,8
recover_any,4,28,303,208,95,0.6762145748987854,0.6556174089068827,0.6967611336032388,0.020597165991902755,-0.02054655870445332,0.6151966019417475,0.7378519629907477,0.5950255423236249,0.716927157932429,0.632117575449222,0.760507634290216,-0.055141377823007286,0.08582893288278422,-0.05711034584574299,0.01520291777188326,8
recover_any,4,24,254,159,95,0.6804369414101291,0.6356173452499173,0.695001655081099,0.044819596160211805,-0.014564713670969898,0.6061451895354769,0.7457863153600819,0.5690218199684314,0.7039212834841754,0.624241181986957,0.7591286724049023,-0.031297227198316076,0.12528609190021567,-0.06573129918046178,0.031180915824273625,16
recover_any,4,25,254,159,95,0.6859318106587223,0.6356173452499173,0.6835153922542204,0.05031446540880502,0.0024164184045019077,0.6116101090849205,0.7586090359989279,0.5613658139046085,0.7009069844422376,0.6098848219095072,0.7517057358901205,-0.03436059376387255,0.12302126662254986,-0.05007918260582774,0.05806219148824168,16
recover_any,4,28,254,159,95,0.6659384309831181,0.6356173452499173,0.6968884475339292,0.030321085733200803,-0.030950016550811088,0.5810094787124943,0.7342074270537576,0.5590773742386645,0.7076066176470588,0.621226022775061,0.7632316684162586,-0.05861847310126578,0.11126907730823393,-0.07869347170651828,0.013461047785450831,16
transient_overwrite,4,24,206,86,120,0.6427325581395349,0.4776162790697674,0.6646317829457364,0.1651162790697675,-0.021899224806201545,0.570686664725978,0.7238789080691851,0.4053503780714761,0.552593427328844,0.5908499101862946,0.7399527472619232,0.0705764317916179,0.2665517014040819,-0.10282950075395382,0.05159066749798454,4
transient_overwrite,4,25,206,86,120,0.6449612403100775,0.4776162790697674,0.6424418604651162,0.16734496124031012,0.0025193798449613114,0.5699788343660833,0.7236332014956222,0.40042496512305836,0.5622873456790124,0.5648993578544798,0.7163215323560027,0.07041758272345344,0.25744764158674466,-0.0629213700543641,0.07255761510126908,4
transient_overwrite,4,28,206,86,120,0.6551356589147287,0.4776162790697674,0.6286821705426358,0.1775193798449613,0.026453488372092937,0.5783924102053273,0.7315652368483342,0.39752562388591806,0.5567996822008523,0.5559854940155918,0.7033533448345421,0.06635519207545788,0.28730077951058824,-0.034788181018693444,0.08064717621420811,4
transient_overwrite,4,24,181,61,120,0.5790300546448088,0.4722677595628415,0.5961065573770491,0.10676229508196733,-0.017076502732240262,0.4773056041784303,0.6752478774330488,0.3871323529411764,0.5548538544147172,0.5035810936238903,0.68671610238318,-0.02453592036996692,0.2294717996223322,-0.09232373480598406,0.0626747984886448,8
transient_overwrite,4,25,181,61,120,0.5436475409836066,0.4722677595628415,0.5536885245901639,0.07137978142076506,-0.010040983606557363,0.453812015586742,0.637421591180544,0.3754383769479108,0.560586371118646,0.46331096164272156,0.6446892378894634,-0.03808876811594206,0.18876167660612622,-0.09245861342144243,0.0731023327865865,8
transient_overwrite,4,28,181,61,120,0.5939207650273224,0.4722677595628415,0.5765027322404371,0.12165300546448088,0.01741803278688525,0.5047755797458986,0.6904195575159766,0.3924134535454686,0.5586540294865285,0.4966595291792312,0.6627329918032786,-0.006083437200268733,0.23434634982993954,-0.05145920106539239,0.08539026849739251,8
transient_overwrite,4,24,166,46,120,0.6329710144927536,0.4190217391304348,0.5981884057971014,0.21394927536231884,0.034782608695652195,0.531304364174662,0.7133366063816831,0.32274295622504323,0.5064538248168772,0.4970258496256526,0.6968133041863452,0.10710941515866775,0.3251267344789981,-0.05725036845983782,0.11211761681100157,16
transient_overwrite,4,25,166,46,120,0.5967391304347827,0.4190217391304348,0.5766304347826087,0.17771739130434788,0.02010869565217399,0.5061093778849877,0.6847354865393293,0.3249203494592839,0.5130995388743536,0.48536600084104287,0.6762962631502045,0.060143355761143755,0.28876677259887007,-0.06334756153832292,0.10683728876115985,16
transient_overwrite,4,28,166,46,120,0.7046195652173912,0.4190217391304348,0.6239130434782608,0.28559782608695644,0.0807065217391304,0.6131204710144927,0.790043381535039,0.32447916666666665,0.525500529661017,0.513347913131528,0.7255595489599457,0.16414034504479288,0.3995871181580091,0.019464779369806087,0.14676084336609418,16
transient_recovery,4,24,134,45,89,0.6350811485642947,0.4998751560549314,0.6691635455680399,0.13520599250936327,-0.03408239700374527,0.5352126136137764,0.7256709095366579,0.39106813576494426,0.6012020927210738,0.5710510436271226,0.7630579453441295,0.01498769659617417,0.26182273122949834,-0.1064051374560727,0.04194264446130883,4
transient_recovery,4,25,134,45,89,0.6329588014981273,0.4998751560549314,0.6926342072409488,0.13308364544319595,-0.059675405742821486,0.5329816895688079,0.7346050045582532,0.4063205282112845,0.6033564775905836,0.6032256606161983,0.7810590014260423,0.0005252366306653718,0.2635230654761905,-0.12989054951690823,0.013045510628890745,4
transient_recovery,4,28,134,45,89,0.5856429463171036,0.4998751560549314,0.6439450686641698,0.08576779026217218,-0.05830212234706622,0.47890122252908035,0.6867465092097444,0.3976382255955427,0.6016164361001318,0.537175736497545,0.7477484472049689,-0.03782112845138055,0.19122759205426348,-0.13124557431425155,0.0037793239085803106,4
transient_recovery,4,24,126,37,89,0.6201032493167324,0.4372912238080778,0.6872153051928332,0.18281202550865466,-0.0671120558761008,0.5189551767676768,0.7196707951692194,0.34453341205828825,0.5424131944444444,0.5861695447409733,0.7747486921323358,0.028666531169245967,0.3137322368898273,-0.14040133933003948,0.0006593406593407228,8
transient_recovery,4,25,126,37,89,0.5742484057090799,0.4372912238080778,0.638931065897358,0.1369571819010021,-0.06468266018827817,0.46472047383809206,0.6939542798152295,0.33695446481371966,0.5540593277690051,0.5376080280662315,0.7349776149776149,-0.01243808870313763,0.2647992817468473,-0.15958479546962687,0.0222158465508219,8
transient_recovery,4,28,126,37,89,0.5906468266018828,0.4372912238080778,0.5863953841481931,0.15335560279380506,0.004251442453689691,0.4856899843577475,0.7006314788866518,0.334640929046037,0.5504179088238494,0.4782727977989098,0.695801282051282,0.025291877662567352,0.28007213059642444,-0.062054952585381636,0.06433563059370093,8
overwrite_any,8,24,236,99,137,0.5765686057656861,0.48853498488534985,0.5774533657745337,0.08803362088033628,-0.0008847600088475183,0.5043145025848645,0.6470066952910183,0.41730969955383873,0.5632287420007964,0.49621287993065516,0.6552638450224051,-0.007357108617189193,0.17196515180481683,-0.05684537696372353,0.054526189958704646,4
overwrite_any,8,25,236,99,137,0.6133598761335988,0.48853498488534985,0.5521639755216399,0.12482489124824891,0.0611959006119589,0.5441754253006522,0.6842492510880951,0.41882439346452777,0.557046204620462,0.4735069674850697,0.6190127393283894,0.02442802980895873,0.21790504684837425,0.01872006574155006,0.10242911390498027,4
overwrite_any,8,28,236,99,137,0.6184472461844724,0.48853498488534985,0.6130649561306495,0.1299122612991226,0.005382290053822958,0.540190033180709,0.6857563242765399,0.4062169696401799,0.561435965673733,0.540144467834141,0.6799286350409729,0.031381956634330965,0.2384009783688756,-0.042210713565452876,0.05141764625875877,4
overwrite_any,8,24,215,78,137,0.565038367958076,0.4044544263522366,0.5991952086842599,0.16058394160583944,-0.03415684072618386,0.48461683495187263,0.6435646475890461,0.3268224502673884,0.4829597608051438,0.5222184448129722,0.6779545066045065,0.05137777422108402,0.2737861775905254,-0.09824324608987658,0.03508574660633481,8
overwrite_any,8,25,215,78,137,0.5945629795994759,0.4044544263522366,0.5682201010668163,0.1901085532472393,0.026342878532659597,0.5103189722161774,0.6676603366413586,0.324114183249085,0.48110992054846896,0.4833827217837264,0.6541891090653769,0.06583525197628448,0.29724597069597053,-0.04853904779205331,0.09441452733210522,8
overwrite_any,8,28,215,78,137,0.5937675463222909,0.4044544263522366,0.6488863934119409,0.1893131199700543,-0.05511884708964998,0.5207757478227943,0.6751352146729728,0.33021404613568794,0.4777713711011831,0.5731248853841923,0.7155750529390288,0.09084893444829864,0.28736460060807073,-0.12253523809523806,0.013643596129195436,8
overwrite_any,8,24,200,63,137,0.5736299385934422,0.46414088749855176,0.5611748348974627,0.10948905109489049,0.012455103695979575,0.49374038461538455,0.6619537796665879,0.3765449848095342,0.5517405205481941,0.4801295427611417,0.6464100488161224,-0.0009474400377778746,0.23003639163794132,-0.05466141479449671,0.08635924441158603,16
overwrite_any,8,25,200,63,137,0.5732823543042521,0.46414088749855176,0.529718456725756,0.10914146680570036,0.0435638975784961,0.48486255736898504,0.6573547354265706,0.38077279775237216,0.5510702117938152,0.4393517925917094,0.6146101822916666,-0.004222222222222162,0.21888003478154067,-0.04493209967711037,0.11847529140359388,16
overwrite_any,8,28,200,63,137,0.5663306685204496,0.46414088749855176,0.5331942996176573,0.1021897810218978,0.03313636890279226,0.48035346509611215,0.651848198554314,0.3795145687645688,0.5586388373604769,0.44203063596445946,0.6161909282168863,-0.026165648490241892,0.22320064190113656,-0.029057012654010925,0.10099655422064656,16
recover_any,8,24,347,241,106,0.6223674939325139,0.6646441712988336,0.6342675957097001,-0.04227667736631968,-0.011900101777186256,0.5549132707273178,0.6861894493182821,0.6046755837765491,0.7222205996884736,0.5619790205238722,0.6995403044160808,-0.09943504863792736,0.024422209574296968,-0.06273786454252345,0.0392974561392114,4
recover_any,8,25,347,241,106,0.6608079542785563,0.6646441712988336,0.6274563532451264,-0.003836217020277255,0.033351601033429934,0.6014283901665345,0.7224809264531378,0.6044691827417195,0.7206609468008898,0.5601575931141551,0.6911589691442024,-0.06625673084352002,0.06338089801068923,-0.009476063765808439,0.07839927682432658,4
recover_any,8,28,347,241,106,0.6395913254521256,0.6646441712988336,0.6051436624129022,-0.025052845846707972,0.03444766303922342,0.580655324054226,0.7004001615249271,0.604243670886076,0.7274659796275664,0.539984325182253,0.6607274780391674,-0.09768475154372495,0.04173605414575488,-0.010858145049733113,0.08286547313446051,4
recover_any,8,24,303,197,106,0.6337994444976536,0.6645915142227756,0.6169428215688153,-0.03079206972512205,0.016856622928838272,0.5594692087628428,0.6985283620167932,0.5973731457483021,0.7290443542257015,0.5460504349327037,0.6819720631817406,-0.09985731796145803,0.0362041359768015,-0.029264916115546023,0.06687438558477996,8
recover_any,8,25,303,197,106,0.6733071544871181,0.6645915142227756,0.6484053251604253,0.008715640264342461,0.024901829326692826,0.6039303251930974,0.7311261428700383,0.5934167504085337,0.7180103398853399,0.5833369963369963,0.7058225498713234,-0.05828375518123282,0.08343269588010102,-0.021392760356175,0.07234850268151982,8
recover_any,8,28,303,197,106,0.6707690834211282,0.6645915142227756,0.6598027008907194,0.0061775691983525505,0.010966382530408825,0.6137918528224074,0.7315858860288407,0.5961064259439001,0.7307560458574142,0.5984338293512121,0.7262314278443136,-0.055982667691949525,0.07109228170203774,-0.03327867310701817,0.06229040752934237,8
recover_any,8,24,245,139,106,0.6149721732048323,0.6333650061083208,0.6112393104384417,-0.018392832903488476,0.003732862766390621,0.5429259424115438,0.6941472943517071,0.5650553337841245,0.7061077708036686,0.5407693036880621,0.6885836807217902,-0.09249849367301623,0.05539846437850398,-0.04873741495545327,0.06306310346162036,16
recover_any,8,25,245,139,106,0.6663499389167911,0.6333650061083208,0.6530473734220171,0.03298493280847026,0.013302565494773932,0.5960419453756525,0.7385533831444031,0.5671793164168322,0.6966499825345567,0.5836896258683141,0.7267638127404161,-0.03304509365792982,0.10741848924110765,-0.03987707296502907,0.06915679720194265,16
recover_any,8,28,245,139,106,0.659630785937288,0.6333650061083208,0.6301751051988599,0.026265779828967162,0.02945568073842808,0.5916570625820057,0.7332454777365492,0.5616210562547267,0.702358269760133,0.558231198773962,0.7051917606144176,-0.04371424845800388,0.09519361765097642,-0.02132664654449995,0.07583160750173959,16
transient_overwrite,8,24,208,74,134,0.640681726502622,0.5218838241226302,0.6522791448164582,0.11879790237999177,-0.011597418313836205,0.5597540638079462,0.7106219294813269,0.4487618860575114,0.6099086861253036,0.5776567677375829,0.7247710443025525,0.01975269455608323,0.2200534937076688,-0.08608750263549954,0.0713049993075752,4
transient_overwrite,8,25,208,74,134,0.635488100040339,0.5218838241226302,0.6423961274707544,0.11360427591770872,-0.006908027430415409,0.5516793083931786,0.7100594180138943,0.4468396929560543,0.600406790487752,0.5649490749413475,0.7214081106779828,0.01597611868688249,0.21684178339903323,-0.08645517237287607,0.06204198938211197,4
transient_overwrite,8,28,208,74,134,0.6016538926986689,0.5218838241226302,0.6280758370310611,0.07977006857603863,-0.0264219443323922,0.5206638930160029,0.6841415068558258,0.4470669465311533,0.5958926492283907,0.5396252875136912,0.7167174596956268,-0.026471707438174497,0.17977163684323097,-0.09302374805685103,0.03984506930762726,4
transient_overwrite,8,24,194,60,134,0.5706467661691542,0.5344527363184081,0.666915422885572,0.03619402985074616,-0.09626865671641782,0.4758851708074534,0.6566476912091399,0.4513436911487759,0.6203107012215988,0.5813661231884059,0.7484622919421327,-0.07213301282051278,0.142523778506619,-0.1777437552893261,-0.012148528858118202,8
transient_overwrite,8,25,194,60,134,0.5809701492537314,0.5344527363184081,0.648320895522388,0.0465174129353233,-0.06735074626865667,0.4934791565024123,0.6712877704273199,0.45893935109917294,0.6189880475427351,0.5670414437293217,0.7342840967908902,-0.06959499681796616,0.1557875474027692,-0.15650265160434101,0.008597537192845582,8
transient_overwrite,8,28,194,60,134,0.5562810945273632,0.5344527363184081,0.6355721393034826,0.021828358208955123,-0.07929104477611937,0.4612012647946159,0.6422014257218064,0.4481219333940533,0.6269329341322437,0.5551616135464782,0.7177882044426162,-0.08775466417910437,0.12961488812902258,-0.16365674746727896,0.004750556249340323,8
transient_overwrite,8,24,181,47,134,0.6155922515084153,0.5409653858367736,0.5866941886313115,0.07462686567164178,0.028898062877103836,0.5127343873779667,0.7037390432481601,0.4413399835458659,0.6301324479864043,0.4918457537327884,0.6796403742067935,-0.029284075618203172,0.18983872772853416,-0.0582102696901829,0.12008072789778565,16
transient_overwrite,8,25,181,47,134,0.5916163861543347,0.5409653858367736,0.5598602731025721,0.05065100031756109,0.03175611305176251,0.48871578099838975,0.6757314031663413,0.4439070463320463,0.6396977774685301,0.46174400417101147,0.6556094397708596,-0.0717861547834669,0.16225040257648957,-0.054693997716584286,0.11463144841418778,16
transient_overwrite,8,28,181,47,134,0.6316290885995555,0.5409653858367736,0.5843124801524294,0.0906637027627819,0.04731660844712604,0.5307710038865459,0.7188610440031181,0.4389456492274329,0.636577812284334,0.47228280141843976,0.6801318672059319,-0.02439201759503054,0.21433968799962588,-0.03833597556692276,0.13751717611677164,16
transient_recovery,8,24,135,38,97,0.5685024416711882,0.4237655995659251,0.4868421052631579,0.14473684210526316,0.08166033640803033,0.4808615750112461,0.6713511253016057,0.3234416827227391,0.5297776067014082,0.37506564790465974,0.58690099009901,-0.00205371108799511,0.2831515049625035,0.0025035330261137167,0.18473770479818863,4
transient_recovery,8,25,135,38,97,0.5320130222463375,0.4237655995659251,0.5515463917525774,0.10824742268041243,-0.01953336950623985,0.4255660927594536,0.6273299545223608,0.31166063034188035,0.5352157080216853,0.44687536400698896,0.6675234188704016,-0.03340032327874737,0.24199491585842325,-0.10674702862443101,0.06686021984551399,4
transient_recovery,8,28,135,38,97,0.4782962561041779,0.4237655995659251,0.5158708627238199,0.05453065653825284,-0.03757460661964196,0.37791049803306503,0.5860232312876178,0.32879301075268813,0.5327178691678691,0.39855421816038494,0.630695236074056,-0.08452308425797501,0.19111918541015036,-0.15429982517482532,0.08678366615463376,4
transient_recovery,8,24,127,30,97,0.5814432989690721,0.4522336769759451,0.5195876288659793,0.12920962199312702,0.061855670103092786,0.4794319158075601,0.6833696265651911,0.3407578623110538,0.5644950672672246,0.3905286963815001,0.6342462856722565,0.000852124438876733,0.2682971346529813,-0.03450008488243781,0.14905614851304505,8
transient_recovery,8,25,127,30,97,0.5542955326460481,0.4522336769759451,0.5450171821305841,0.10206185567010306,0.009278350515463996,0.4444931271477663,0.6639005174861172,0.3323959453405018,0.5658923984468339,0.42317977588913547,0.6674211442152619,-0.035635452462772,0.24562701735166956,-0.09066242057673508,0.11062371521189124,8
transient_recovery,8,28,127,30,97,0.4429553264604811,0.4522336769759451,0.5965635738831615,-0.009278350515463996,-0.15360824742268042,0.3326267174432497,0.5555292536369386,0.34473167239404356,0.55953203320802,0.4887622746679317,0.7057271241830064,-0.12836022347535508,0.12194788218317633,-0.2429533177346283,-0.0752309782608696,8
overwrite_any,16,24,264,106,158,0.5776809171244327,0.47128015285407215,0.5831741103415333,0.10640076427036055,-0.005493193217100623,0.5109052955822885,0.6438601454980262,0.4025640292086829,0.5432369125355224,0.5142606244956062,0.6546776991918818,0.02356317932951319,0.1953908722651808,-0.05875276239664291,0.04646207130476051,4
overwrite_any,16,25,264,106,158,0.6120133747313112,0.47128015285407215,0.5907571053260091,0.14073322187723908,0.02125626940530212,0.5527535764097729,0.6853032599342929,0.40791598523057204,0.5439030980566211,0.5215321038318445,0.6604402104587729,0.059863208755177,0.23403857076354778,-0.029559932434420323,0.07922226613056245,4
overwrite_any,16,28,264,106,158,0.6316575113446382,0.47128015285407215,0.6060425125388107,0.16037735849056606,0.025614998805827516,0.5644362227795298,0.6937038843244788,0.40399875187914996,0.5423608471367906,0.5364617527006466,0.6726529042682329,0.07765218794515673,0.2528921670270643,-0.020388920233457983,0.075130245846538,4
overwrite_any,16,24,245,87,158,0.6195256801978757,0.4320529608613415,0.602066055579805,0.1874727193365342,0.017459624618070713,0.5455390218648507,0.6862096859438884,0.3582414589081793,0.5098971402898588,0.522649377475948,0.6695696852024438,0.0710321544854673,0.2786917794629989,-0.04227960328591463,0.08455938044119249,8
overwrite_any,16,25,245,87,158,0.6178524661719773,0.4320529608613415,0.6081041757602211,0.18579950531063583,0.009748290411756177,0.5424538730500269,0.6935536083511501,0.3578120124088637,0.5115386123002101,0.528168558038651,0.6794080919080919,0.0849312975289758,0.29144611112110985,-0.04223794456350823,0.06708885677877398,8
overwrite_any,16,28,245,87,158,0.6269460206605557,0.4320529608613415,0.6332023861486978,0.19489305979921423,-0.006256365488142124,0.5577110470987287,0.702700458570525,0.34785304932249583,0.5134135372452616,0.5602957194865724,0.7100842873381236,0.08489340379008752,0.2937149917871028,-0.06268746046805822,0.04580562314023736,8
overwrite_any,16,24,218,60,158,0.5672995780590717,0.40390295358649786,0.5258438818565401,0.16339662447257386,0.041455696202531644,0.4753327647877184,0.6504787071341177,0.32314357919687675,0.4824363460099069,0.4373707369462086,0.6167332712260972,0.06220530079737073,0.26679380701539196,-0.03863025924791601,0.11580305306295391,16
overwrite_any,16,25,218,60,158,0.5990506329113925,0.40390295358649786,0.5256329113924051,0.19514767932489463,0.0734177215189874,0.518297888134928,0.6779200661945812,0.32590418903374235,0.4872309294623423,0.43882872369091186,0.6149241776364183,0.09317853324349178,0.30274580067902906,-0.005725083053778548,0.1604316188197767,16
overwrite_any,16,28,218,60,158,0.5915611814345991,0.40390295358649786,0.6034810126582278,0.18765822784810127,-0.011919831223628718,0.4988454188340781,0.6840859016478932,0.31611889160231843,0.4851514963643956,0.5186412571357658,0.6847784768757664,0.09128143103356383,0.30383735105179066,-0.08852808747855927,0.06921696363730677,16
recover_any,16,24,321,204,117,0.6415703033350092,0.6469750293279706,0.6700603318250378,-0.005404725992961379,-0.028490028490028574,0.5819057933718281,0.7019102629391368,0.583463838171317,0.7122937011254813,0.6082903368893797,0.7263751670712946,-0.0822331154684096,0.06409516821184776,-0.08233455096910851,0.028865325236343067,4
recover_any,16,25,321,204,117,0.6307608513490865,0.6469750293279706,0.6610524551701022,-0.016214177978884026,-0.0302916038210157,0.570976364089707,0.6937389992898053,0.5805656572710267,0.7098479583634216,0.6005167844565625,0.7286945472728114,-0.09021104595567259,0.05659533522578484,-0.08105632306677149,0.020460643753450875,4
recover_any,16,28,321,204,117,0.674794704206469,0.6469750293279706,0.6372967990615049,0.027819674878498457,0.037497905144964094,0.6133396858153907,0.7293350354991153,0.5875593467357795,0.7071402158051373,0.5758760107050526,0.7008913758818056,-0.03726733478896295,0.09453402259217118,-0.014936239803996625,0.09502030320413601,4
recover_any,16,24,271,154,117,0.6541791541791542,0.6322566322566323,0.6455766455766456,0.021922521922521865,0.008602508602508552,0.595200348725513,0.7187287830508935,0.5732319888161602,0.6994565907686785,0.5756161775982427,0.7099270302055602,-0.049127935546412545,0.09746212292209326,-0.04702581645512956,0.07090917794655355,8
recover_any,16,25,271,154,117,0.6535686535686536,0.6322566322566323,0.6437451437451438,0.021312021312021256,0.009823509823509768,0.5930122174459481,0.7184741105987236,0.5647804548344824,0.6908052336944382,0.5743415809335309,0.7088865332606231,-0.05670197332699875,0.09270461600219812,-0.05425123302755806,0.07441998655387852,8
recover_any,16,28,271,154,117,0.6497946497946497,0.6322566322566323,0.660950160950161,0.017538017538017425,-0.011155511155511277,0.5900326886616014,0.7092652521333942,0.5604096817799968,0.697327959914669,0.5998286553042887,0.7225819731369495,-0.05480332267142082,0.09054150741299699,-0.06421030349737324,0.04824093939505935,8
recover_any,16,24,198,81,117,0.6862931307375751,0.5866835496465126,0.6341141711512082,0.09960958109106255,0.05217895958636698,0.6131880584092043,0.7577462222136805,0.5066600714385768,0.6631887605373789,0.5556936046239402,0.7185691497849895,0.007686537142555692,0.19440213693137418,-0.01807466900899959,0.11958088229821429,16
recover_any,16,25,198,81,117,0.6490450564524638,0.5866835496465126,0.664028701065738,0.062361506805951206,-0.014983644613274172,0.5719063891477685,0.7289514493467395,0.503719262295082,0.6676448071796877,0.5881774294019934,0.7393567219270991,-0.029135413288765826,0.16755589430894288,-0.09202781755425125,0.0677730177086254,16
recover_any,16,28,198,81,117,0.6285744433892582,0.5866835496465126,0.6378600823045267,0.04189089374274557,-0.009285638915268568,0.5501537549026475,0.7103164624346053,0.4988476723637853,0.6754611774308744,0.5598505452202677,0.720462937634995,-0.05096153846153856,0.13204210231516061,-0.0871429917353924,0.06389632498523526,16
transient_overwrite,16,24,229,75,154,0.5558441558441559,0.4581818181818182,0.58,0.09766233766233773,-0.024155844155844042,0.4718747838657273,0.6339435235816815,0.38206160181463894,0.5386935863167904,0.5073862110028305,0.6523829787508447,-0.005106815390503319,0.20322039563629918,-0.09266535435167314,0.04529460020267333,4
transient_overwrite,16,25,229,75,154,0.5387012987012986,0.4581818181818182,0.578008658008658,0.08051948051948038,-0.0393073593073594,0.4513745904739318,0.6284335196996433,0.38232975903895267,0.5306199363753985,0.5003817074685347,0.6616372207753181,-0.023023715415019814,0.19061815386815384,-0.11046258027665164,0.03536563445165592,4
transient_overwrite,16,28,229,75,154,0.5443290043290043,0.4581818181818182,0.6210389610389611,0.08614718614718614,-0.07670995670995673,0.46209446848409347,0.6304332840571797,0.3826187040515104,0.5330562541967806,0.552998951436354,0.6966233340303108,-0.022628258130561494,0.1982205426679449,-0.1384558542318392,-0.016677282664805414,4
transient_overwrite,16,24,215,61,154,0.5326804343197786,0.4887162018309559,0.5711092186502023,0.04396423248882275,-0.038428784330423627,0.4522599469496021,0.617896649362907,0.41464146270396274,0.565358980820755,0.49230475899938986,0.6575735545500251,-0.06285192770477191,0.16162671548309837,-0.12589371286179799,0.03817004169148313,8
transient_overwrite,16,25,215,61,154,0.5664253779007877,0.4887162018309559,0.5730253353204173,0.07770917606983185,-0.0065999574196295985,0.4728306548651135,0.6490216512929675,0.40558067644650253,0.5659261339505381,0.485469959401251,0.6594741845599796,-0.044256320949432396,0.2068287866323452,-0.08496101343624929,0.06731758955781726,8
transient_overwrite,16,28,215,61,154,0.5237385565254418,0.4887162018309559,0.5473706621247605,0.03502235469448589,-0.02363210559931872,0.43366226523593043,0.6117339063758377,0.41128458039125293,0.5795656931808069,0.4509549072793675,0.636320019746687,-0.10131855089476262,0.14424022973233405,-0.09161734586307643,0.05030821608946604,8
transient_overwrite,16,24,199,45,154,0.5671717171717172,0.4528138528138529,0.5518037518037517,0.11435786435786433,0.015367965367965475,0.46459141903149154,0.6600344507977868,0.3640282065309419,0.5343078773672197,0.4530264279624893,0.6308880066400605,0.006334138711719157,0.23728536916616783,-0.0680317179922367,0.09454703026786847,16
transient_overwrite,16,25,199,45,154,0.6012987012987013,0.4528138528138529,0.5383116883116883,0.14848484848484844,0.06298701298701304,0.5012046979865772,0.6823663167529064,0.365517248080092,0.5444498653805798,0.4434618110068119,0.6318514890282131,0.0253894449499545,0.26269168941461934,-0.018061594202898622,0.13213128104741834,16
transient_overwrite,16,28,199,45,154,0.6082251082251082,0.4528138528138529,0.5217893217893218,0.15541125541125533,0.08643578643578642,0.5172602910975441,0.6959651304155614,0.3651396074988637,0.5403073856514881,0.42024423191312915,0.62758015880518,0.04582417582417578,0.2582764999998408,-0.002466051622091946,0.17094011519702218,16
transient_recovery,16,24,150,41,109,0.6247482658312822,0.45938688744685613,0.5158872230924144,0.16536137838442605,0.10886104273886776,0.5360326189906721,0.7150363188902975,0.3573950081111115,0.5642076917762597,0.40833846844632243,0.6196359154326562,0.051523339170750776,0.28297878864603493,-0.00589062500000003,0.21017237452733778,4
transient_recovery,16,25,150,41,109,0.6762139181024838,0.45938688744685613,0.5249496531662564,0.21682703065562764,0.15126426493622736,0.5843897422022423,0.7581426767676767,0.3521307754304078,0.5608449814773375,0.4249702463150856,0.6227938508786572,0.09553571428571428,0.34941573691709527,0.035616792929292845,0.2636174636174636,4
transient_recovery,16,28,150,41,109,0.6102036249720295,0.45938688744685613,0.5835757440143209,0.15081673752517338,0.026627880957708627,0.5140421592578672,0.7068807339449541,0.35349437773966075,0.5616728652741424,0.4722374418922864,0.6887792119565218,0.023170961366757524,0.2797925036615879,-0.06584288207652708,0.11882547169811318,4
transient_recovery,16,24,145,36,109,0.6065239551478084,0.42838939857288477,0.5005096839959224,0.17813455657492366,0.106014271151886,0.49946970246734396,0.6995518270312029,0.3193407497875956,0.5367157524384565,0.388680687487623,0.5912310200225801,0.02770562262421692,0.32728648855119435,0.005728908578173333,0.2009967532467532,8
transient_recovery,16,25,145,36,109,0.5721202854230377,0.42838939857288477,0.528032619775739,0.14373088685015295,0.04408766564729871,0.46525324675324675,0.6833387201034259,0.3311082043811182,0.5511242492492493,0.41864746158555644,0.635955153820671,-0.017890083180441246,0.2940422077922077,-0.06998331586746223,0.16560108017837158,8
transient_recovery,16,28,145,36,109,0.5496941896024464,0.42838939857288477,0.5973496432212029,0.12130479102956165,-0.04765545361875645,0.4485611184579074,0.6493655790950026,0.3327240467865468,0.5355418644049961,0.5085294795783926,0.6999299752371272,-0.025849288008075788,0.2562586676534847,-0.1484487354870392,0.04662451124144671,8
overwrite_any,24,24,323,117,206,0.572151688656543,0.5497883993029624,0.5527342129283876,0.022363289353580562,0.01941747572815533,0.5095904916893053,0.6408612499261329,0.48475440950544507,0.6161430319173851,0.4920980543920354,0.6234455365478333,-0.06365306408061121,0.1137318724028244,-0.0383105537236511,0.06731581173306322,4
overwrite_any,24,25,323,117,206,0.5768815865903244,0.5497883993029624,0.5621940087959505,0.027093187287361986,0.014687577794373907,0.5044456738722155,0.6439397999739453,0.4873155911775255,0.6145223123999147,0.4882252692831497,0.6338315217391304,-0.05447837370242205,0.11943210328719274,-0.03527147913254839,0.060038894317612376,4
overwrite_any,24,28,323,117,206,0.5976267529665588,0.5497883993029624,0.5704090946809393,0.047838353663596345,0.027217658285619506,0.5347648263031508,0.6712745543992237,0.4828572795125838,0.6095151732616305,0.5041590194656497,0.6365459458145358,-0.03998306147367072,0.13945317169656787,-0.02295549415943846,0.07558416481892084,4
overwrite_any,24,24,296,90,206,0.5941747572815534,0.5447141316073356,0.5720604099244876,0.04946062567421783,0.022114347357065856,0.5207018660268629,0.6610937980509782,0.46984870578644233,0.620091982698824,0.5038989295517767,0.6415626588851827,-0.03908080135039095,0.14505215594307377,-0.03430248757020936,0.0747461778639104,8
overwrite_any,24,25,296,90,206,0.5905070118662352,0.5447141316073356,0.5534519956850055,0.045792880258899604,0.03705501618122975,0.5162652823367109,0.6523850561638106,0.47650629550970874,0.6088879305371352,0.47980292563423627,0.6273658148619905,-0.03831426431866092,0.1327074785714136,-0.014712106216307235,0.09212483302721658,8
overwrite_any,24,28,296,90,206,0.6047464940668825,0.5447141316073356,0.5803128371089536,0.060032362459546906,0.024433656957928873,0.5244532296971322,0.6818018370979229,0.4709487097070523,0.6140259865719944,0.5070158860935102,0.6562340030474662,-0.033727896856144836,0.154440310662641,-0.028438025344768653,0.07610451277540262,8
overwrite_any,24,24,266,60,206,0.5662621359223301,0.5581715210355987,0.5415857605177994,0.008090614886731351,0.024676375404530715,0.4862587046793352,0.6544278716271197,0.477051769298875,0.6392337319543202,0.45498511904761907,0.6366921768707482,-0.07032966672459866,0.0987705026455025,-0.045339757879949046,0.09498586099043586,16
overwrite_any,24,25,266,60,206,0.527588996763754,0.5581715210355987,0.5442556634304208,-0.030582524271844713,-0.01666666666666672,0.43508829046241826,0.6162047042385517,0.4760422091302475,0.6416828018398087,0.455467631857938,0.6263892885098492,-0.13328746221808888,0.06338809578336338,-0.09167201947290422,0.06901034214409212,16
overwrite_any,24,28,266,60,206,0.5592233009708738,0.5581715210355987,0.5595469255663431,0.0010517799352750545,-0.00032362459546930733,0.4733701537128261,0.6454605161577112,0.4828401652965648,0.6397719160479725,0.47839938761428324,0.643109936250339,-0.10271014618949692,0.10205823055028461,-0.06727065999146314,0.07506181358173769,16
recover_any,24,24,257,135,122,0.5933819064966606,0.6160291438979963,0.6327868852459018,-0.022647237401335785,-0.039404978749241204,0.5179374013801291,0.6658736618004866,0.5412556234038033,0.6865869692500223,0.5552469772132557,0.6972489006738293,-0.10398966028525576,0.052652868254739985,-0.1047636605560412,0.027851104265280986,4
recover_any,24,25,257,135,122,0.5949605343047967,0.6160291438979963,0.6251973284760171,-0.021068609593199672,-0.030236794171220382,0.5219716562064218,0.6657911677783281,0.5453742333008548,0.6905716103235187,0.5580292996267169,0.6942338671467111,-0.10108940429413536,0.04545437138168547,-0.10284045681513714,0.03232483688160163,4
recover_any,24,28,257,135,122,0.6128111718275654,0.6160291438979963,0.5853673345476624,-0.0032179720704309522,0.02744383727990296,0.5360486066542716,0.6773138267703777,0.5492348746318846,0.6787078139938985,0.5083674822936793,0.6533397201946471,-0.07634728657695411,0.06630218295015415,-0.035117593737284035,0.08214245728025257,4
recover_any,24,24,217,95,122,0.6100086281276963,0.6134598792062124,0.6591889559965488,-0.003451251078516071,-0.049180327868852514,0.5340822714378926,0.6834499685356819,0.5381004942269354,0.684409469420718,0.5825890582164167,0.725687723498292,-0.09311793118438859,0.08836538461538457,-0.11576038903625109,0.01858092552063344,8
recover_any,24,25,217,95,122,0.6233822260569457,0.6134598792062124,0.6435720448662641,0.009922346850733343,-0.02018981880931836,0.5504379728005558,0.6951057089136649,0.5388293537667663,0.6902556173521956,0.567017903740802,0.7089859441902346,-0.07920811524930603,0.10422190046174419,-0.09417005410558822,0.04767851541485055,8
recover_any,24,28,217,95,122,0.5987920621225193,0.6134598792062124,0.6064710957722174,-0.014667817083693024,-0.007679033649698019,0.518144295683526,0.6758345161298409,0.5328222907140022,0.6826038909512632,0.5230703987875343,0.6724778848215576,-0.10199393457871495,0.0710098780596087,-0.08245407700479802,0.05709710222236725,8
recover_any,24,24,165,43,122,0.6088448341593595,0.5777735417460923,0.5882577201677468,0.031071292413267226,0.020587113991612727,0.4989714778894067,0.7137502262351237,0.49093051159983164,0.6661255782848151,0.48388299520719086,0.6909265547598882,-0.11416555355210962,0.172355,-0.09014122589531685,0.12280380841184341,16
recover_any,24,25,165,43,122,0.5926420129622569,0.5777735417460923,0.6058902020587114,0.014868471216164636,-0.013248189096454421,0.49461509329826087,0.6840383039689306,0.48714165103189494,0.670410702341137,0.5176914173228346,0.6964714623151821,-0.11194821187077375,0.14248862904851384,-0.09962001133530073,0.08498528396865995,16
recover_any,24,28,165,43,122,0.6120853983987801,0.5777735417460923,0.4966641250476554,0.03431185665268777,0.11542127335112468,0.5186510576200659,0.6992358575924469,0.4883292093790503,0.6740138429752066,0.3959271879103655,0.590188227310402,-0.08323243902439027,0.15557645956820357,0.02044750856734337,0.193077021189108,16
transient_overwrite,24,24,293,92,201,0.5485615401254597,0.5657581656932728,0.5244970798182997,-0.017196625567813095,0.02406446030715992,0.48030407071702014,0.6136974102630042,0.48855694670051963,0.6303593572710102,0.4533771009265243,0.5970106558822643,-0.10380991351361543,0.07394326396343968,-0.03874613542974145,0.08654552537218249,4
transient_overwrite,24,25,293,92,201,0.5571057754704737,0.5657581656932728,0.5479126108587498,-0.008652390222799067,0.009193164611723925,0.48971228272815953,0.6344289701526543,0.49675462370852325,0.6370093477174071,0.47908336412909586,0.621240639150122,-0.09923056635778583,0.07412426267240217,-0.04405339805825235,0.06674256153293893,4
transient_overwrite,24,28,293,92,201,0.56873242483236,0.5657581656932728,0.5622431321652607,0.002974259139087221,0.0064892926670993,0.5015639228758041,0.626889280508275,0.4974554537695423,0.6335319672354577,0.4888363607282401,0.6227600871593956,-0.08764533621313605,0.07934020305655622,-0.05037666225200586,0.05787914120340143,4
transient_overwrite,24,24,273,72,201,0.5842316196793809,0.5918325041459369,0.5444306246545053,-0.007600884466556046,0.03980099502487555,0.5015800794138305,0.6626335442966573,0.5171815779095997,0.6649620020421962,0.4663824081467224,0.6305521917461768,-0.10465460554064737,0.09659735448295871,-0.029609454739360823,0.11334330501310051,8
transient_overwrite,24,25,273,72,201,0.54691818684356,0.5918325041459369,0.5767689331122167,-0.04491431730237694,-0.02985074626865669,0.46278328401541213,0.6296272838351099,0.508504768124942,0.668368434989279,0.4962951181986057,0.6489811354399424,-0.15541680291551294,0.06023809884930196,-0.09155367798920382,0.026950637296154826,8
transient_overwrite,24,28,273,72,201,0.5474709784411277,0.5918325041459369,0.5462271973466003,-0.044361525704809224,0.0012437810945273853,0.4729394805157335,0.6278838620842395,0.5086177280440942,0.6680047427569852,0.47074033528836107,0.6239793783825799,-0.14033603031305536,0.051725018798260886,-0.05411990209652677,0.05598187603652168,8
transient_overwrite,24,24,249,48,201,0.5151326699834162,0.5652985074626866,0.49637230514096187,-0.05016583747927039,0.018760364842454358,0.430120975235445,0.5954010904194174,0.476749523671573,0.6487737205056999,0.4062588616406083,0.5878304751810915,-0.15279935824129529,0.05201444846253911,-0.07540143412413625,0.12775179460796385,16
transient_overwrite,24,25,249,48,201,0.5385572139303483,0.5652985074626866,0.4939883913764511,-0.02674129353233834,0.04456882255389716,0.45869094881818007,0.6236355191233096,0.4680308905855839,0.6510637275865703,0.390956856407364,0.5921941901927004,-0.13083964646464644,0.0914418946842967,-0.041181725986823486,0.14421626544187513,16
transient_overwrite,24,28,249,48,201,0.5202114427860696,0.5652985074626866,0.5479892205638475,-0.04508706467661705,-0.0277777777777779,0.4299526241969915,0.6035378301745487,0.4844720716874131,0.6549508294463966,0.45274213171118755,0.6509621412349089,-0.16289183204156374,0.07118920554178804,-0.09898257286029566,0.04552666524118065,16
transient_recovery,24,24,141,32,109,0.6430619266055045,0.6252866972477065,0.5994839449541284,0.017775229357798072,0.04357798165137616,0.5374389361100325,0.7525562169312168,0.4982331296259078,0.7513942110216016,0.4894340005121202,0.7068116333286236,-0.15592454895843355,0.18967241851209676,-0.08160029436501255,0.15916228600284776,4
transient_recovery,24,25,141,32,109,0.6499426605504587,0.6252866972477065,0.6439220183486238,0.024655963302752215,0.006020642201834847,0.5489391922402848,0.7504938271604937,0.5015690690690691,0.7395181784998519,0.5451805614084375,0.7368706896551724,-0.1227758620689655,0.19104954852142153,-0.10988716872212022,0.1377808141676051,4
transient_recovery,24,28,141,32,109,0.5774082568807339,0.6252866972477065,0.6132454128440367,-0.04787844036697253,-0.035837155963302725,0.4605441959116416,0.6746431160204258,0.4858666922361993,0.7508978675645341,0.4998294346978558,0.7158778499907532,-0.21332615469208213,0.10165667175297596,-0.1535554603977596,0.07767733525379068,4
overwrite_any,32,24,398,117,281,0.5761474587097364,0.44958481613285894,0.5355719804118381,0.12656264257687744,0.040575478297898315,0.5090912954352282,0.6330938229940948,0.3841923143533866,0.5085363109606882,0.4685240852307881,0.5976321452245361,0.04710903226721819,0.21264011799410026,-0.005814747200723219,0.0845289889192327,4
overwrite_any,32,25,398,117,281,0.5782461903458345,0.44958481613285894,0.5628859080816376,0.12866137421297552,0.015360282264196834,0.5112429216323582,0.6346192994062639,0.3816244408025322,0.5083280010125878,0.5085265810911539,0.619809818863422,0.04459977135167751,0.20872357705128006,-0.03171198782039779,0.06377081878942797,4
overwrite_any,32,28,398,117,281,0.5703683426103355,0.44958481613285894,0.5431152477415823,0.12078352647747659,0.02725309486875327,0.5063425817340759,0.6293555937900128,0.3838081081056061,0.5063074588480302,0.48177739104116224,0.6059346050151252,0.04344981805121034,0.19691766871712424,-0.019330664358613244,0.06860795454545453,4
overwrite_any,32,24,367,86,281,0.5823470992303236,0.4203426301415211,0.5628569063974178,0.16200446908880245,0.01949019283290576,0.5070832490646172,0.6441523632913575,0.35808284457478007,0.4901690288912635,0.49585115779615696,0.625718698088344,0.07197844359867689,0.24628451523152198,-0.03130905083763628,0.0772276559253544,8
overwrite_any,32,25,367,86,281,0.5815194901928329,0.4203426301415211,0.5561118927418688,0.16117686005131177,0.025407597450964103,0.5115001237966347,0.6422401527894589,0.34695829273645695,0.48121063576945927,0.4870644702593271,0.6167144227216352,0.08547694991851779,0.24477062991548754,-0.028143493562797682,0.08050589613299669,8
overwrite_any,32,28,367,86,281,0.569684680956716,0.4203426301415211,0.5574774476537284,0.14934205081519486,0.012207233302987563,0.505546533454859,0.6426651131497909,0.34840531611656717,0.49774004975124375,0.49087690854356997,0.6304737687378145,0.050912779293947205,0.2429596782289784,-0.04728994110784187,0.07310051184784871,8
overwrite_any,32,24,335,54,281,0.49439831290365105,0.4346250164755503,0.4640173981810993,0.05977329642810075,0.030380914722551722,0.40342086656034026,0.5917525249779666,0.3417068660860785,0.5295424915531624,0.3836396325029193,0.5481169769241278,-0.07590754681800703,0.18793740599800665,-0.03539055770264474,0.0978023345946712,16
overwrite_any,32,25,335,54,281,0.4981547383682615,0.4346250164755503,0.4672466060366416,0.06352972189271122,0.03090813233161993,0.40491886848783404,0.575624039938556,0.3393587359117848,0.5275491646537451,0.37392385057471267,0.5531303801090113,-0.0679575411576295,0.17671819990815849,-0.03608563711223976,0.09739543537583724,16
overwrite_any,32,28,335,54,281,0.5340714379860287,0.4346250164755503,0.49756161855805986,0.09944642151047844,0.03650981942796888,0.45818314204128635,0.6151512160146781,0.3394160373252252,0.5247946149493617,0.4106222603124649,0.5795405052264808,-0.015854601210207046,0.20872893728574304,-0.0314777930943554,0.10894036270838829,16
recover_any,32,24,215,76,139,0.593809163195759,0.5835857629685725,0.6076296857251041,0.010223400227186596,-0.01382052252934507,0.5085598165824444,0.6761683453237409,0.5086369798700882,0.6632822441366447,0.5301244230960371,0.6892488138037499,-0.10061866990639368,0.10659419014084513,-0.09980691782874326,0.07580019213454253,4
recover_any,32,25,215,76,139,0.5875615297235894,0.5835857629685725,0.6253313138962515,0.003975766755016985,-0.03776978417266208,0.5147998709549335,0.6680568638189119,0.5058786855688416,0.654255245347415,0.5513735536924327,0.707379123159633,-0.09196532956375444,0.10816324050301901,-0.11330869559743673,0.029956377121134883,4
recover_any,32,28,215,76,139,0.5779060961756911,0.5835857629685725,0.5752555850056797,-0.005679666792881344,0.0026505111700113604,0.5007903384017776,0.6651457085594858,0.505963370605034,0.660138792475568,0.49727897233201585,0.6604031872774561,-0.08829850992930766,0.09061805555555551,-0.06672758170241402,0.08299600596453804,4
recover_any,32,24,186,47,139,0.5447726924843105,0.5311495484463493,0.5386499311189347,0.013623144037961166,0.006122761365375817,0.45250628306878304,0.6467060677698976,0.44707649641156644,0.6307562850701754,0.4424806956007812,0.6420230695229538,-0.1141113167514092,0.12417920681667487,-0.10040048926767678,0.10508620750309579,8
recover_any,32,25,186,47,139,0.5954385427827951,0.5311495484463493,0.5664319608143273,0.06428899433644575,0.029006581968467726,0.5058972478232804,0.6809760249680805,0.44991844765697936,0.6178008027974783,0.4793582769781898,0.6643994286840031,-0.05459780360263134,0.17842998763515072,-0.0701992247253511,0.12724426497452607,8
recover_any,32,28,186,47,139,0.5981937853972141,0.5311495484463493,0.5527322822592989,0.06704423695086481,0.045461503137915193,0.49968283765845256,0.6871660056185339,0.44755687981703596,0.6161769393458406,0.4527026000816068,0.6433264338883503,-0.061318493150684834,0.18170867517186004,-0.038058387639268366,0.13225954628009265,8
transient_overwrite,32,24,358,88,270,0.5790404040404041,0.4578703703703705,0.5671296296296295,0.12117003367003365,0.011910774410774594,0.5107674081233176,0.6466759526005397,0.39486685940353017,0.5224553474884864,0.5010045364963829,0.636225175967823,0.02601558767319631,0.21311578870196562,-0.039073090000820127,0.062428076607767516,4
transient_overwrite,32,25,358,88,270,0.5499579124579125,0.4578703703703705,0.5902356902356902,0.092087542087542,-0.040277777777777746,0.4851939627957968,0.6207672601314494,0.39025338317815844,0.5241029761411593,0.5200333814796144,0.6597715479957298,0.0009124605537119603,0.17246897693524738,-0.09144783868483344,0.01410199040449655,4
transient_overwrite,32,28,358,88,270,0.561026936026936,0.4578703703703705,0.5664983164983165,0.1031565656565655,-0.005471380471380516,0.4977184365320658,0.6274251356933632,0.397361742587723,0.526106914893617,0.4990127242536681,0.6336933506813962,0.022964610097840045,0.1940090306345894,-0.05569259017176034,0.04538016155160854,4
transient_overwrite,32,24,337,67,270,0.5190160309563294,0.5041459369817579,0.5059701492537314,0.014870093974571508,0.013045881702598017,0.44188822351265544,0.5938578765489976,0.4316144739527993,0.5756262168817643,0.43339764159953253,0.5852888450080764,-0.08212889658202162,0.12309893502083652,-0.049200310033276615,0.07108233847046184,8
transient_overwrite,32,25,337,67,270,0.48866777224986174,0.5041459369817579,0.5255389718076285,-0.015478164731896171,-0.0368711995577668,0.4107554515147111,0.5555903980525705,0.42855482810497575,0.5764073397536257,0.450863091734583,0.5982134800465501,-0.12319656077691933,0.07456531957371346,-0.10311129991895071,0.01632030925695299,8
transient_overwrite,32,28,337,67,270,0.4832504145936982,0.5041459369817579,0.5031509121061359,-0.020895522388059695,-0.01990049751243772,0.40311871784427133,0.5450203878839744,0.43507591214222946,0.5871282390351561,0.42663141485487255,0.5787024402467333,-0.12203835807306032,0.05826284195360152,-0.09233279128959276,0.05316691580478346,8
transient_overwrite,32,24,312,42,270,0.47433862433862434,0.4187830687830688,0.42627865961199296,0.055555555555555525,0.04805996472663138,0.3953253443785741,0.564156516013149,0.32236794911794914,0.5084252814343589,0.33303872629126563,0.5239138959331266,-0.06495064332309823,0.18122825541873294,-0.04987211180153594,0.14202566237518982,16
transient_overwrite,32,25,312,42,270,0.47045855379188706,0.4187830687830688,0.4486772486772487,0.051675485008818245,0.021781305114638383,0.3858942277437756,0.5541189275938992,0.3318235714389561,0.5122482613193525,0.3666517000940853,0.5465449853044209,-0.06465665976535545,0.17456126812794567,-0.057802925616572354,0.10333427683519247,16
transient_overwrite,32,28,312,42,270,0.48791887125220457,0.4187830687830688,0.4923280423280424,0.06913580246913575,-0.0044091710758378255,0.4053468550071811,0.5723107336702227,0.33420599557678204,0.4942163304559573,0.38872870093657524,0.5873361301340024,-0.049997284535745985,0.19871055589176098,-0.09122347066167287,0.08108905575960358,16
overwrite_any,40,24,450,86,364,0.6153846153846154,0.5868579095323282,0.5405379504216713,0.028526705852287226,0.07484666496294412,0.5472632752111499,0.6764945585050761,0.5238331280336225,0.6471510600679788,0.47842722809082694,0.6102208519255823,-0.06233436295722938,0.11518873678778159,0.004554745510201294,0.13969244445161608,4
overwrite_any,40,25,450,86,364,0.6119345770508561,0.5868579095323282,0.5644007155635062,0.025076667518527884,0.04753386148734984,0.543624342798194,0.6765659068076444,0.5216367835412608,0.647407003278979,0.5005933834096936,0.6315751111111112,-0.07305097522522527,0.11245764858617524,-0.01908102392963244,0.11092408274785329,4
overwrite_any,40,28,450,86,364,0.620783286480961,0.5868579095323282,0.559640940454894,0.033925376948632846,0.06114234602606705,0.5547571032593351,0.6910259007184141,0.5257059331158114,0.650281468968969,0.4995374080093326,0.628881526190826,-0.06162885824539457,0.12262949990033098,-0.0019371080421530392,0.12486258067894694,4
overwrite_any,40,24,423,59,364,0.6014155336189235,0.6097038554665674,0.5410225367852486,-0.008288321847643831,0.06039299683367494,0.5309448669429357,0.6708991813374291,0.5309301170948106,0.6792002709700953,0.4537115451169005,0.6237750959023628,-0.10697250801688374,0.08882225574153359,-0.007946320860109535,0.1335019251979084,8
overwrite_any,40,25,423,59,364,0.5911715403240827,0.6097038554665674,0.5601601788042465,-0.018532315142484657,0.03101136151983619,0.5219661981389018,0.6617090243482261,0.5379138404673164,0.6842628784115372,0.48450996273143615,0.633809663618066,-0.13103833437583778,0.09234783986957702,-0.04240086496595661,0.10160418432246433,8
overwrite_any,40,28,423,59,364,0.6181784317377538,0.6097038554665674,0.5400912646675359,0.008474576271186418,0.0780871670702179,0.5550767273567283,0.6899352916088635,0.5331448468842357,0.6877851381637207,0.4707980994077851,0.6140179280983317,-0.09342730603231957,0.11386287174477482,0.012327490208061726,0.15271809423546473,8
recover_any,40,24,206,34,172,0.5648084815321477,0.5227428180574555,0.5957592339261285,0.042065663474692205,-0.030950752393980818,0.45596002200623514,0.6730548905608754,0.42159504501981226,0.6309070472274931,0.4846193826963058,0.7047584949974988,-0.09752766106442579,0.1806935517655528,-0.12076946879712633,0.05772651802656542,4
recover_any,40,25,206,34,172,0.5477086183310533,0.5227428180574555,0.5904582763337893,0.02496580027359785,-0.042749658002736,0.416100933908046,0.6632852878147169,0.4139590097402598,0.6229249632040968,0.4803436255359332,0.7042641639797327,-0.14767897609526487,0.17361402303836498,-0.13557385455393317,0.04362551706729198,4
recover_any,40,28,206,34,172,0.509404924760602,0.5227428180574555,0.61593707250342,-0.013337893296853531,-0.10653214774281805,0.3909316465852889,0.6041751685263625,0.40809549238689896,0.6266449577904702,0.5071446078431372,0.7067927394850472,-0.18022328073529467,0.12799583599054654,-0.20982479702846077,-0.02003926459719152,4
transient_overwrite,40,24,413,62,351,0.5645620806911129,0.6094108997334804,0.4963698189504641,-0.04484881904236748,0.0681922617406488,0.4874832251082251,0.6418444572439516,0.5336054237388548,0.6764392359866498,0.4119626774580857,0.5752481903090915,-0.14223583324805564,0.05340070502973722,0.00043258539975132273,0.13792621418535603,4
transient_overwrite,40,25,413,62,351,0.5728333792849922,0.6094108997334804,0.4961400606561897,-0.036577520448488166,0.07669331862880252,0.4951751374313998,0.6465880375734074,0.5347982730537317,0.6770081370824257,0.4077341069742375,0.5823050734977597,-0.1300495435232632,0.06307614643810426,0.001669286868166613,0.1536096634815787,4
transient_overwrite,40,28,413,62,351,0.5851943755169562,0.6094108997334804,0.4740373127469901,-0.024216524216524205,0.11115706276996606,0.510913598083961,0.6673383523147698,0.5393012988438146,0.6753266705395633,0.39519679448163925,0.5538463946198445,-0.11307743097238897,0.07178141620602115,0.047826422007218795,0.17702046035805635,4
transient_overwrite,40,24,396,45,351,0.533016777461222,0.61329534662868,0.48021525799303577,-0.08027856916745801,0.05280151946818623,0.43124360248460986,0.6197079797915312,0.5220862232617248,0.6920654936096513,0.39587869155548344,0.5654248166473664,-0.20473185855538792,0.035877329192546596,-0.051855539678778886,0.15657126421604395,8
transient_overwrite,40,25,396,45,351,0.4966128521684077,0.61329534662868,0.4777461221905666,-0.11668249446027229,0.018866729977841112,0.39927663931138496,0.5937415298367763,0.5231184321327967,0.7042179786771183,0.3864326202757224,0.5782821349615749,-0.22823751035553155,0.005672232369692856,-0.07132151117379246,0.1023702893737325,8
transient_overwrite,40,28,396,45,351,0.5228236783792339,0.61329534662868,0.43906299461855014,-0.09047166824944608,0.0837606837606838,0.4410517307797757,0.6164798729320788,0.5271286127167629,0.699572270395701,0.34993159376747335,0.535449289167486,-0.19989674411369823,0.034808818866382964,-0.012143875154844193,0.1836518095700753,8
