task,step,layer,n,positive,negative,auc,surface_auc,initial_auc,delta_vs_surface,delta_vs_initial,auc_lo,auc_hi,surface_auc_lo,surface_auc_hi,initial_auc_lo,initial_auc_hi,delta_vs_surface_lo,delta_vs_surface_hi,delta_vs_initial_lo,delta_vs_initial_hi
final_correct_replication,0,24,924,651,273,0.7882997698665901,0.7770350489244499,0.7883504104702262,0.01126472094214026,-5.0640603636131765e-05,0.7578951215806233,0.8191377218251494,0.7453382180139148,0.8051526529557422,0.756901709440918,0.8192432813348757,-0.0217915366781972,0.04746353318454655,-0.0028442819858981424,0.0029841680297914694
final_correct_replication,0,25,924,651,273,0.7913888466883859,0.7770350489244499,0.7914001001558605,0.014353797763936083,-1.1253467474547918e-05,0.7600525506010567,0.8213033056343841,0.7443092913401185,0.8070006189357366,0.7595819923208783,0.8220254447195321,-0.021415818986152635,0.04664955963999983,-0.0024360433175879795,0.0026350028507521597
final_correct_replication,0,28,924,651,273,0.8006110632838744,0.7770350489244499,0.8009205336394276,0.02357601435942458,-0.00030947035555317637,0.770417821080367,0.8297343205492771,0.74689158917438,0.805791207362184,0.7705827646408089,0.8290049854415568,-0.007479499315198961,0.05122899617554717,-0.002246826267429819,0.0017106480075215114
recover_any,0,24,407,320,87,0.6684626436781609,0.6202945402298851,0.6520474137931034,0.04816810344827582,0.016415229885057503,0.5972640791103623,0.7240822749834916,0.5595315448676479,0.6839040612754874,0.5778673683991338,0.7127126683265995,-0.02700778107885267,0.11950074657962362,-0.0015979577929037558,0.034998892185419184
recover_any,0,25,407,320,87,0.6737787356321839,0.6202945402298851,0.6758261494252873,0.05348419540229887,-0.0020474137931033587,0.6028446629908265,0.7365272889212129,0.5568036687252244,0.6849097723820332,0.6071007525083612,0.7412607955907645,-0.024284147241636383,0.1232021267472772,-0.017417640372675534,0.014420009120033078
recover_any,0,28,407,320,87,0.6685344827586207,0.6202945402298851,0.6708333333333333,0.048239942528735646,-0.0022988505747125743,0.5988579613291365,0.7374051815159768,0.5460453729217598,0.6888559768160037,0.59532686781202,0.7363506003869515,-0.024220721777623258,0.1233992021097915,-0.020918475093594572,0.015152723735242457
overwrite_any,0,24,285,172,113,0.6898538793990533,0.6097962543733279,0.6983432805103931,0.08005762502572544,-0.008489401111339778,0.6272618923390606,0.7537364682429344,0.5423036739948505,0.6738679118551241,0.6315610845733958,0.7641272235505747,0.0058915839171144275,0.15757026600484117,-0.02175859387439859,0.006147364642593192
overwrite_any,0,25,285,172,113,0.7353364889895041,0.6097962543733279,0.7415620498044866,0.12554023461617625,-0.006225560814982489,0.6707862989780882,0.7901284250691577,0.5385531755384884,0.6727162610991834,0.6783329882677709,0.7977140965017253,0.0530756843931262,0.20376886198992186,-0.020237939348885615,0.007030334653878295
overwrite_any,0,28,285,172,113,0.7288536735953901,0.6097962543733279,0.7306544556493105,0.11905741922206226,-0.0018007820539204245,0.6703528721188431,0.7900594219179963,0.5471137796013686,0.6809406146798337,0.6726137494225919,0.7891340983450763,0.041206817213138604,0.19224492244985128,-0.013697542997542939,0.00917256208703576
transient_recovery,0,24,137,56,81,0.5082671957671958,0.5185185185185186,0.49492945326278664,-0.010251322751322789,0.013337742504409167,0.3983444972630366,0.6049213047968127,0.42255201630201633,0.6142072409050078,0.383962767876877,0.5942691432629047,-0.1429333055479899,0.11978151661748888,-0.028166154066232775,0.05690414535856864
transient_recovery,0,25,137,56,81,0.5595238095238095,0.5185185185185186,0.5386904761904763,0.041005291005290934,0.02083333333333326,0.4670740095110282,0.6575265830346475,0.4284083850931677,0.6085606554462486,0.45167323789133557,0.6384589346349745,-0.07579114819004519,0.17279891304347827,-0.020639482799808907,0.06832581824800611
transient_recovery,0,28,137,56,81,0.6176146384479717,0.5185185185185186,0.6146384479717812,0.09909611992945311,0.0029761904761904656,0.5102387157789011,0.7044262143424647,0.41463782991202347,0.6198507882882883,0.5054626909518214,0.7034726972077118,-0.03905326650862356,0.23440428380187414,-0.030709104274737133,0.036919072629741055
transient_overwrite,0,24,251,139,112,0.6838386433710174,0.6039953751284688,0.6883992805755396,0.07984326824254862,-0.0045606372045221555,0.6243298207224192,0.7414001421464108,0.5354696974374458,0.6676521662349894,0.6257483308071828,0.7444290126948926,0.006435900694957477,0.15974450386215097,-0.019754173283474848,0.015497461082710667
transient_overwrite,0,25,251,139,112,0.7100462487153136,0.6039953751284688,0.6968782117163412,0.10605087358684484,0.013168036998972399,0.6496969341161122,0.7780031980699681,0.5331073193002484,0.6755755460267702,0.6343592143592144,0.7680844567332409,0.03196633869375089,0.1887568497514974,-0.005247531313758832,0.03203793014137837
transient_overwrite,0,28,251,139,112,0.6959146968139773,0.6039953751284688,0.6959789311408017,0.09191932168550854,-6.423432682434171e-05,0.6318746465611522,0.7560657493435654,0.5394557619532785,0.6723258866474616,0.633206168789751,0.7565346576856822,0.006937757161272987,0.1774814621457923,-0.013580615198363585,0.014072901515999011
finish_correct_from_wrong,0,24,379,242,137,0.741479157869337,0.6612475116124751,0.7399710442178923,0.08023164625686197,0.0015081136514447646,0.6899885439236039,0.7949519410613823,0.6008776301398969,0.7168589156633741,0.6916457858083793,0.7925674608381446,0.016304126546774857,0.1423270285366554,-0.008399137821731986,0.011249799369278488
finish_correct_from_wrong,0,25,379,242,137,0.7021173915666286,0.6612475116124751,0.7017252820172528,0.040869879954153476,0.00039210954937574094,0.6435200314693779,0.7564011591154238,0.6002707404792375,0.7194131983502062,0.6418496136711622,0.7564760432091485,-0.01950580888087703,0.10148950041508398,-0.010303001543653783,0.01060299939493171
finish_correct_from_wrong,0,28,379,242,137,0.7262472099897448,0.6612475116124751,0.7226880617723351,0.06499969837726971,0.003559148217409658,0.6727313107165313,0.7803531558500251,0.6095360416691502,0.7122601584288518,0.6703742876166322,0.7768627906976744,-0.0013627600838303788,0.12193938154044531,-0.007880432430573897,0.016352816974550675
final_correct_replication,1,24,924,651,273,0.7939490105388722,0.7865667358754916,0.7877202162916448,0.007382274663380595,0.006228794247227443,0.7596656560228419,0.8241167037627317,0.7577857353159094,0.8181768681129477,0.7560702336956165,0.8201007786078466,-0.023792228761132024,0.03864154806559003,-0.005936940153677958,0.018242059409345767
final_correct_replication,1,25,924,651,273,0.8019671061145716,0.7865667358754916,0.7928799311287791,0.015400370239079919,0.009087174985792479,0.7705232291880215,0.8291815251342328,0.7559543353951943,0.8149649779463612,0.7626899691514459,0.8237166453594656,-0.01146496587082004,0.043826306171364036,-0.003029951099875408,0.022190400918821778
final_correct_replication,1,28,924,651,273,0.8044372422252607,0.7865667358754916,0.7992325135182277,0.017870506349769055,0.005204728707033035,0.7732296954028175,0.8337453074523736,0.7544669406485724,0.8171482272217949,0.7703678811974344,0.8302192478799079,-0.014302558997144528,0.05051297657950201,-0.007253032107713152,0.018703960012026004
recover_any,1,24,391,298,93,0.7056000577325541,0.6451252074763658,0.6775997690697841,0.06047485025618826,0.028000288662769934,0.640121698573318,0.7641541766747664,0.578669439903967,0.7094532247750365,0.6124440457763535,0.7417787721925296,-0.019999446355780465,0.14190287518064473,-0.0028573132294062217,0.06201914154336169
recover_any,1,25,391,298,93,0.7223064155300569,0.6451252074763658,0.6778523489932886,0.07718120805369111,0.04445406653676831,0.6562300671850766,0.7779699086612996,0.5894516669274902,0.6995541436905618,0.6109094950213372,0.7393788003127484,0.003068010205840869,0.14379950706639927,0.0037063400352919506,0.08091062957908926
recover_any,1,28,391,298,93,0.7079093598903081,0.6451252074763658,0.7182651367539872,0.0627841524139423,-0.010355776863679056,0.6520112683556611,0.7701503008299939,0.5876229980765357,0.7100755601757679,0.6629501901775866,0.7810946294232376,-0.00945572496090088,0.1365214138334645,-0.04050522648083632,0.02195307956648166
overwrite_any,1,24,298,182,116,0.6873342175066314,0.5865858279651384,0.6614247821144372,0.10074838954149301,0.025909435392194147,0.6285875540771019,0.7511581522305287,0.5138782418569857,0.653709533399397,0.5980264161369845,0.724776739913389,0.0297340115080583,0.17924711346908362,-0.014177848082771585,0.07411693128131767
overwrite_any,1,25,298,182,116,0.7051913603637742,0.5865858279651384,0.6934444865479348,0.1186055323986358,0.011746873815839387,0.6410559841047218,0.7661306210928883,0.5184919474179183,0.6454148766581957,0.6291123132932521,0.7564802310321674,0.04263889714796318,0.19113166216207148,-0.03199051732627985,0.05493003491127262
overwrite_any,1,28,298,182,116,0.6917866616142477,0.5865858279651384,0.7128173550587344,0.10520083364910937,-0.021030693444486714,0.6279493535138425,0.75042593619118,0.5128626591446362,0.6513976303861733,0.6467908090040535,0.776977031709219,0.03026540688072608,0.18046332896339853,-0.05697594584684343,0.01293728022152484
transient_recovery,1,24,137,52,85,0.5861990950226245,0.5737556561085974,0.5814479638009049,0.012443438914027105,0.004751131221719551,0.4802219641163508,0.6807888721526346,0.46235879332477536,0.6645949429957342,0.48374256441623975,0.6781397185480423,-0.12326781970649894,0.13095323150201196,-0.07353188649135148,0.0787582426053748
transient_recovery,1,25,137,52,85,0.5639140271493213,0.5737556561085974,0.6099547511312218,-0.009841628959276094,-0.04604072398190051,0.46154981156976144,0.6733210445136366,0.47944566303261954,0.6770495582729301,0.5097491307569539,0.7028559341813514,-0.14432475690767307,0.11709001925545569,-0.1257739352800904,0.04092402309926819
transient_recovery,1,28,137,52,85,0.5843891402714932,0.5737556561085974,0.5807692307692307,0.01063348416289589,0.0036199095022625416,0.492695726259556,0.684772671294223,0.4779084737827715,0.6671658102615231,0.4967644205972519,0.6856967886302456,-0.11477513705408328,0.1417964859388732,-0.05796360153256703,0.06517326188848734
transient_overwrite,1,24,259,144,115,0.6576690821256039,0.5909420289855073,0.6462560386473429,0.06672705314009664,0.011413043478260998,0.5851877325060222,0.7239035825926348,0.5220598559654087,0.6653138243470509,0.575887078931517,0.7183065095129831,-0.030035647520631984,0.14886041021461988,-0.02810584204832312,0.04930161865843885
transient_overwrite,1,25,259,144,115,0.6502415458937199,0.5909420289855073,0.6570048309178744,0.05929951690821256,-0.006763285024154575,0.5829805269452043,0.7155307896155227,0.5174356290841614,0.6546098571171421,0.5900390974810652,0.722147807076824,-0.025945727017784408,0.14801113862896145,-0.05028420271093501,0.03852673704260749
transient_overwrite,1,28,259,144,115,0.6684782608695652,0.5909420289855073,0.6719202898550725,0.0775362318840579,-0.0034420289855072728,0.605500051329753,0.7258555041774656,0.52240252713647,0.65829439960437,0.6091496556812592,0.7316652127832319,-0.006424227932914148,0.16559215463581944,-0.042774536393720725,0.031095117467356916
finish_correct_from_wrong,1,24,365,228,137,0.7369701626328595,0.6808490203611218,0.7387629658086824,0.0561211422717377,-0.0017928031758228657,0.6825841981282231,0.787248688588765,0.6242130295411973,0.7257854700917314,0.6798628971621091,0.788496728579806,-0.0022209985315711075,0.1183215309782582,-0.03080128712879673,0.028812020502074296
finish_correct_from_wrong,1,25,365,228,137,0.771417595082597,0.6808490203611218,0.7439813036240236,0.09056857472147517,0.027436291458573403,0.7204989608379078,0.817839892712233,0.6209308982011927,0.738888879312699,0.6896790475136527,0.7974407498130709,0.036389425025329394,0.14183287382536772,0.0015751358149029733,0.0562927227774912
finish_correct_from_wrong,1,28,365,228,137,0.775035215776668,0.6808490203611218,0.7570751696760148,0.09418619541554618,0.01796004610065316,0.7231531577633368,0.8217537460483113,0.6224345997286296,0.7286647067361637,0.704891625348994,0.8046465118980675,0.036015251897860534,0.15207854818139963,-0.00508881232958242,0.04511246109704836
final_correct_replication,2,24,924,651,273,0.7929699588685764,0.7696358940598572,0.790004670189002,0.023334064808719135,0.0029652886795743516,0.7642239644277062,0.8235038451235097,0.7391301606137227,0.7989378049777379,0.7618473079769252,0.817303113648077,-0.00647262814520215,0.05783331114456656,-0.010640776585123246,0.017967683685565432
final_correct_replication,2,25,924,651,273,0.8059283266656541,0.7696358940598572,0.7912538050786899,0.03629243260579684,0.01467452158696414,0.7754094653285776,0.8368627214737344,0.737691732410948,0.8002404190333111,0.7593121837739961,0.8245735726603002,0.00659058511513476,0.06960628018813056,0.00035129993007076705,0.02979225100852001
final_correct_replication,2,28,924,651,273,0.8097488788733028,0.7696358940598572,0.7997164126196383,0.04011298481344561,0.010032466253664496,0.7764627182313075,0.8391355838535788,0.7368415826305972,0.8019135903283486,0.7673859160638676,0.8296935043540414,0.007294297640812919,0.0704085428837386,-0.004676384362545529,0.023823498128537263
recover_any,2,24,410,317,93,0.6660900240833079,0.6388521420575964,0.647739221871714,0.027237882025711424,0.01835080221159391,0.6024709533419247,0.7295796701974002,0.5783837350031743,0.6998892384981491,0.5827429510348361,0.7072408416505175,-0.05048847659921822,0.09652227611769888,-0.020756764324967647,0.0641266999538119
recover_any,2,25,410,317,93,0.6872901190597334,0.6388521420575964,0.673213255995387,0.04843797700213692,0.014076863064346412,0.6266789017210693,0.7499647092038396,0.5714293446471556,0.7019820434736952,0.6092650251230844,0.7378524296708033,-0.021178768943474768,0.11540144499847357,-0.030118266335055238,0.052750916288026216
recover_any,2,28,410,317,93,0.656558461381907,0.6388521420575964,0.6706353244462535,0.01770631932431055,-0.014076863064346523,0.5959323867478026,0.7203877422015039,0.5670287935370539,0.702216785432518,0.6043209597288939,0.7406302936194239,-0.05651945780570404,0.09327161830270359,-0.052105114336616284,0.03147575510520753
overwrite_any,2,24,281,165,116,0.6544409613375131,0.5319749216300941,0.6092476489028213,0.12246603970741898,0.04519331243469171,0.5938492812594283,0.7169044423424344,0.46589146270396264,0.5984675379224577,0.545510945855615,0.6680418740346863,0.02694128787878788,0.19985455034117722,0.009995116966219825,0.07972195774981519
overwrite_any,2,25,281,165,116,0.6492163009404389,0.5319749216300941,0.6423197492163009,0.11724137931034484,0.006896551724138056,0.5847897203008597,0.7155277695616272,0.4669770919699064,0.6014942081093573,0.5802744962067923,0.7080325481256332,0.03504065116229392,0.20737768629681141,-0.03225046194279946,0.04824749530406383
overwrite_any,2,28,281,165,116,0.6699059561128526,0.5319749216300941,0.6694879832810867,0.13793103448275856,0.0004179728317659226,0.602680726258184,0.733602736936036,0.4583683191223874,0.5925643295987079,0.6058164733201077,0.7280789613142554,0.055767511942080863,0.22531302315014112,-0.03681824465739378,0.03549272832921886
transient_recovery,2,24,138,52,86,0.598278175313059,0.5288461538461539,0.5827370304114491,0.06943202146690519,0.01554114490160996,0.48894700979356953,0.7023634716147233,0.42691161598369376,0.6319759040915006,0.49394227115969136,0.6848993896872108,-0.07349198849055943,0.20743472920061226,-0.05493099941565239,0.09276194048512126
transient_recovery,2,25,138,52,86,0.6507155635062611,0.5288461538461539,0.6229874776386405,0.12186940966010729,0.027728085867620655,0.5509083853848052,0.7325005546196348,0.4276134022800384,0.6261351495726495,0.5265809879986478,0.7034285168964275,-0.012673295454545421,0.23451554001553987,-0.0343105247465712,0.09144829049675861
transient_recovery,2,28,138,52,86,0.5796064400715563,0.5288461538461539,0.6016323792486583,0.05076028622540241,-0.02202593917710205,0.48039603918396373,0.6795777970988645,0.4279987527716186,0.6330777656078861,0.4924479166666667,0.69169078302546,-0.09314069953786516,0.19218085037902197,-0.08275191675794079,0.04206451273487563
transient_overwrite,2,24,244,129,115,0.6535220761712167,0.576407145264577,0.6521739130434784,0.07711493090663968,0.0013481631277383332,0.5839812399173868,0.725321197027198,0.5044626599726793,0.6520101553879126,0.5825722854359846,0.7263001889283649,-0.013973456580732659,0.1729919629232709,-0.04088046362672155,0.0456767833332158
transient_overwrite,2,25,244,129,115,0.638490057296933,0.576407145264577,0.645298281092012,0.06208291203235594,-0.00680822379507906,0.5672387105457971,0.7047453229474709,0.5020420791779114,0.6435627884636302,0.5761222876523352,0.7207667065261495,-0.024175317313827244,0.15223644421362634,-0.0484614635206175,0.03232784908246429
transient_overwrite,2,28,244,129,115,0.6509268621503201,0.576407145264577,0.6589821368385574,0.0745197168857431,-0.008055274688237302,0.5827483648254376,0.7219824853860595,0.5075177440583246,0.6420632963335748,0.5934149614856582,0.7275189237026436,-0.013314891061931653,0.1786245402494976,-0.0425799740418384,0.024831827260874812
finish_correct_from_wrong,2,24,383,245,138,0.738243123336291,0.6847678201715469,0.7114463176574977,0.05347530316474414,0.02679680567879339,0.6818077650252935,0.7887810794085972,0.6321585755530169,0.7379325938376182,0.6534445360986473,0.7656641640514623,-0.012706317009562354,0.10575488636788194,0.0017663831801388058,0.05879498647976152
finish_correct_from_wrong,2,25,383,245,138,0.7464655427388347,0.6847678201715469,0.7108843537414966,0.06169772256728778,0.03558118899733809,0.6924817959603345,0.7985537043639964,0.6285506031827633,0.7407992695878438,0.6544930797810191,0.7684800996555118,0.008333675446124414,0.11599759350344455,0.004381511369610463,0.06710252402707641
finish_correct_from_wrong,2,28,383,245,138,0.7410233658680864,0.6847678201715469,0.7331558710440699,0.056255545696539455,0.007867494824016497,0.6826618878097526,0.7909847520739064,0.6247157281716105,0.7374295357062199,0.6801412002856226,0.7847994515026958,0.00031651275698438037,0.10780506758407667,-0.021616669633849547,0.041872419085371114
final_correct_replication,4,24,924,651,273,0.804088384733546,0.7816545973228002,0.7892394344007247,0.022433787410745865,0.014848950332821298,0.7774967988960325,0.8327384693642673,0.7520377649197957,0.8145819821654797,0.7609444483288536,0.8205598317747093,-0.008549565205952073,0.052107888374942596,-0.0011139272501739183,0.031041229219747092
final_correct_replication,4,25,924,651,273,0.8093212471092656,0.7816545973228002,0.7912144179425286,0.02766664978646538,0.018106829166737004,0.7773977465569071,0.8403462162559304,0.7516872729800946,0.811786303903996,0.7571261615494057,0.8283977331846764,-0.0004031172496728629,0.056392363404931097,0.0022491470229831947,0.03572583477255791
final_correct_replication,4,28,924,651,273,0.8211148810227151,0.7816545973228002,0.7996713987497397,0.039460283699914944,0.021443482272975434,0.787728079465913,0.8490830026662572,0.7511703366345301,0.8134628846619688,0.7678681330745546,0.8291853493979331,0.009036315463858736,0.06809449393258214,0.005612072024681501,0.03688658111821386
recover_any,4,24,402,307,95,0.6760157723298474,0.6508143322475571,0.6981656094633979,0.025201440082290305,-0.022149837133550454,0.6139404342178512,0.7351886525695641,0.5860093634628919,0.7098037323729194,0.6331398197449477,0.76238396824736,-0.04276968360819511,0.09230584960938458,-0.058011539901583274,0.01350113077460829
recover_any,4,25,402,307,95,0.6776272929881708,0.6508143322475571,0.6944282530430311,0.02681296074061368,-0.016800960054860314,0.6052178068599247,0.7422986755903949,0.5874020202590489,0.7146220671352613,0.631990565796047,0.7565544373983326,-0.05503692224250128,0.08955869606227522,-0.05613332955893037,0.017279844900274628
recover_any,4,28,402,307,95,0.7141093776787245,0.6508143322475571,0.7118806788959369,0.06329504543116737,0.0022286987827876414,0.6504776846716811,0.7714295794726321,0.5868637111615723,0.7128906100721955,0.6493957638785225,0.7752959950289707,-0.011412489435843968,0.12801457238511543,-0.029552606977880695,0.03993292858651992
overwrite_any,4,24,282,161,121,0.6402648734664544,0.5324162004003902,0.6259945588008828,0.10784867306606427,0.014270314665571604,0.5808086656473752,0.7056456228956227,0.4649131562221095,0.5956663987194848,0.557579667120039,0.6867054149759932,0.02728502924723853,0.19587437963743926,-0.03079469729028401,0.05978881370074408
overwrite_any,4,25,282,161,121,0.6219393254966378,0.5324162004003902,0.6294851393665624,0.0895231250962476,-0.007545813869924589,0.5526570142820143,0.6902132945445845,0.46643941079941686,0.6021839271839272,0.5551057808466767,0.6925020128824476,0.0008186503393716867,0.1662058322690507,-0.045844540398852864,0.03186659117927007
overwrite_any,4,28,282,161,121,0.6506852830963503,0.5324162004003902,0.6215800010266413,0.11826908269596015,0.02910528206970897,0.5810067954002244,0.7187513336894239,0.46326706483875607,0.5925124053325277,0.5519379198179302,0.6903213060045915,0.04177598419563076,0.19613921467469414,-0.006946503263868558,0.06451943044239092
transient_recovery,4,24,144,55,89,0.638508682328907,0.4937691521961185,0.671297242083759,0.1447395301327885,-0.032788559754851954,0.5405786495525488,0.7241602736885756,0.40092044080524386,0.5877115581429438,0.5663735797602844,0.7596860244708122,0.02591979139933646,0.26529693690843054,-0.09695933480919246,0.02980569584736254
transient_recovery,4,25,144,55,89,0.6026557711950971,0.4937691521961185,0.7001021450459652,0.10888661899897856,-0.09744637385086818,0.5148964098197816,0.6903163843514815,0.3938942132994186,0.5901578193769325,0.6043324690457553,0.7795835650312359,-0.02965307422772693,0.24344256434888606,-0.17054759372450834,-0.02390485312899112
transient_recovery,4,28,144,55,89,0.6161389172625128,0.4937691521961185,0.65097037793667,0.1223697650663943,-0.03483146067415721,0.5173009611368514,0.7075555511441183,0.3822204246027081,0.5863470897529958,0.5591589506172838,0.7400087854902845,0.0028761799469869246,0.2514168498523541,-0.09633543518381026,0.03267551063067373
transient_overwrite,4,24,249,129,120,0.6387596899224806,0.5578811369509044,0.6303617571059431,0.0808785529715762,0.008397932816537446,0.5684744947581939,0.7126405212776592,0.487712576010663,0.6219183866781101,0.5663678591843776,0.6977142298684612,-0.014426503507385826,0.17643701712465135,-0.03997269267950569,0.053302371136923266
transient_overwrite,4,25,249,129,120,0.628811369509044,0.5578811369509044,0.630297157622739,0.07093023255813968,-0.0014857881136949302,0.5579541047188106,0.6997436729396496,0.4857276828110161,0.6296592009214023,0.566669051736903,0.6980891645089452,-0.025597583197735363,0.17123388846307652,-0.051022931225417054,0.04307104054868926
transient_overwrite,4,28,249,129,120,0.6501937984496122,0.5578811369509044,0.6046511627906976,0.09231266149870787,0.04554263565891459,0.5770844152309978,0.7138532688716511,0.4819132825158169,0.6255309505309504,0.5356741139823585,0.6820675675070138,0.004760749685885786,0.18662120082349679,0.008894585013134388,0.08065364534584046
finish_correct_from_wrong,4,24,373,229,144,0.764677341096555,0.7090611353711792,0.7529112081513829,0.055616205725375845,0.011766132945172147,0.7101356566568608,0.8145301601389304,0.6561485285573814,0.7634718794277617,0.7012690476416572,0.8039564253142243,-0.00019666793636965584,0.11142808966905722,-0.01896975630072691,0.04358913064048113
finish_correct_from_wrong,4,25,373,229,144,0.7766557496360991,0.7090611353711792,0.7422974284327996,0.06759461426491986,0.03435832120329951,0.7277552332241725,0.8197782786173631,0.6551424353197458,0.7582217409518778,0.6900540975052297,0.7905265076797959,0.017021813068124066,0.11339983406462874,0.004337944664031706,0.06780549394116567
finish_correct_from_wrong,4,28,373,229,144,0.762372634643377,0.7090611353711792,0.7433891314895682,0.053311499272197804,0.01898350315380881,0.7134049087296903,0.809309897480847,0.6555732786357786,0.7691640249846063,0.694143280699292,0.7955346453390194,0.0030980864844524876,0.10471171171171176,-0.011263865011816199,0.04930272867152841
final_correct_replication,8,24,924,651,273,0.7979777518948026,0.7793813968929176,0.789194420530826,0.018596355001884946,0.008783331363976576,0.7653279520829163,0.827686936128048,0.7463899441796081,0.8072587932954944,0.7585362553419777,0.8184772131885519,-0.014651644649191234,0.05279690101986142,-0.0072524872237927805,0.0254557815212116
final_correct_replication,8,25,924,651,273,0.8127310477540892,0.7793813968929176,0.7922328567489858,0.03334965086117159,0.020498191005103417,0.7852148439148163,0.8419238395714689,0.752351571132293,0.8073526326437176,0.761498635796681,0.8260838546521506,0.005306974834656178,0.06376344453546415,0.005142310314445032,0.03773159803275665
final_correct_replication,8,28,924,651,273,0.8169342178558769,0.7793813968929176,0.7997895601582237,0.03755282096295931,0.017144657697653276,0.7889867445525988,0.8460344968664135,0.74625236241819,0.8101334748471798,0.7700670256113059,0.8299890156988279,0.007371857667706176,0.07162414504153575,-0.0016225005433315614,0.03777467745204594
recover_any,8,24,409,303,106,0.6560495672208732,0.6858459430848746,0.6785603088610748,-0.029796375864001412,-0.022510741640201615,0.5855703292727494,0.7272552541695992,0.6247396322093468,0.7512071106848828,0.616201670070694,0.7382294479569416,-0.10405916153132358,0.03449237387747949,-0.06448119136427678,0.026109502600421473
recover_any,8,25,409,303,106,0.6665732610996948,0.6858459430848746,0.6622454698300018,-0.01927268198517973,0.004327791269693071,0.6063987519207918,0.7291045918018548,0.6238286643825199,0.7386299050728581,0.5972918601392677,0.7284443075548057,-0.08422146459929017,0.04772406170462847,-0.040528332844192494,0.051633950756229875
recover_any,8,28,409,303,106,0.6564231894887602,0.6858459430848746,0.6812067999252756,-0.029422753596114348,-0.024783610436515335,0.6007626010111238,0.7079237719587649,0.6286561725927825,0.7423887260853999,0.6295424810844892,0.7355838034403216,-0.08965695904104475,0.03538026857940232,-0.07233165682293582,0.02193617571863952
overwrite_any,8,24,287,150,137,0.6445255474452555,0.5372749391727494,0.6783454987834548,0.1072506082725061,-0.03381995133819937,0.5731913597638161,0.7160101070004806,0.4756071726936389,0.6004609981336924,0.6099729999931456,0.735731342800314,0.0276982413145211,0.18490467323530035,-0.07221481481481484,0.011129081693306946
overwrite_any,8,25,287,150,137,0.6681751824817519,0.5372749391727494,0.6669586374695863,0.13090024330900252,0.0012165450121656152,0.609192168248811,0.7284356596115813,0.4669081134276917,0.6078967519187144,0.6041619863165687,0.7314677598118138,0.05483055208797325,0.21123292568668048,-0.03689313990922612,0.03761943708257231
overwrite_any,8,28,287,150,137,0.6838929440389295,0.5372749391727494,0.6731386861313868,0.14661800486618015,0.010754257907542697,0.6206738791022367,0.7423105684036644,0.46881631083511377,0.6006954837909009,0.6105510678721842,0.7297143431902849,0.06575786533518879,0.22354686481518923,-0.028724432374241594,0.051481357146576846
transient_recovery,8,24,144,47,97,0.6246983987716604,0.4935292827374424,0.6049572274621628,0.13116911603421805,0.019741171309497596,0.5362812749960006,0.7179419920141971,0.39039713541666665,0.6036475087412586,0.5195592645202021,0.7011085413429163,-0.007166238277258829,0.27699139349799806,-0.06065774554082963,0.11062115406942988
transient_recovery,8,25,144,47,97,0.6196534327703443,0.4935292827374424,0.5896029831103313,0.12612415003290195,0.030050449660013023,0.5082214448723883,0.7121315566714069,0.39012725277832416,0.617941664646703,0.4736934046345811,0.6789424288233812,-0.026498316498316472,0.25455832332933176,-0.05259928009886889,0.11876228150999851
transient_recovery,8,28,144,47,97,0.5781969730203993,0.4935292827374424,0.5586751480587849,0.0846676902829569,0.019521824961614365,0.47898623432540505,0.6696271736906709,0.39654294935451834,0.5995780723905724,0.4467162583590535,0.6521157007207502,-0.04173886982775483,0.22029145473649014,-0.061920978323415025,0.11417100694444446
transient_overwrite,8,24,251,117,134,0.6320321469575201,0.5539609644087256,0.6808904196963897,0.07807118254879453,-0.04885827273886967,0.5661160308669764,0.7001760666653667,0.48093605124438177,0.6215821623501974,0.6131802259887006,0.7410528447471031,-0.00906854607858754,0.1692756017820915,-0.10367163698066295,0.004269917079249208
transient_overwrite,8,25,251,117,134,0.6542926393672662,0.5539609644087256,0.6615639749968109,0.10033167495854067,-0.0072713356295446285,0.5828511140254261,0.7268577327127693,0.47704782115768607,0.6182187794402456,0.5923831289094803,0.7278992583174401,0.020612828402655166,0.18966492787996825,-0.05316978265507678,0.03652840180756426
transient_overwrite,8,28,251,117,134,0.6897563464727644,0.5539609644087256,0.6554407449929839,0.13579538206403885,0.03431560147978052,0.6195902709591489,0.7534304898628544,0.4826040474676838,0.6241137261409708,0.5791851537970701,0.7197063492063491,0.050296263964488254,0.22357887779083427,-0.010755005808437293,0.08070779590189313
finish_correct_from_wrong,8,24,376,232,144,0.7425766283524905,0.6971084770114943,0.7242875957854407,0.04546815134099624,0.018289032567049834,0.6888124712237252,0.797590812499225,0.6471605965990219,0.7529556773497729,0.6704379246997471,0.7776157794017153,-0.0034618269013205042,0.09297923208893058,-0.02182629147728948,0.058821066263759963
finish_correct_from_wrong,8,25,376,232,144,0.7626616379310345,0.6971084770114943,0.7383860153256705,0.06555316091954022,0.024275622605363978,0.7126395579412821,0.8073518112267395,0.638845966130943,0.7483863200216607,0.6896078760057768,0.7903825959263016,0.011201341384695833,0.12185061015075332,-0.010882890803654056,0.06432727732814317
finish_correct_from_wrong,8,28,376,232,144,0.7435045498084291,0.6971084770114943,0.7400023946360152,0.046396072796934806,0.0035021551724138122,0.6905497733323526,0.7923081455178537,0.6440430015575848,0.7495624147566866,0.6900655449609601,0.7896321289532254,-0.004309932681003528,0.09527700898057914,-0.035217940779623993,0.03928788511257389
final_correct_replication,16,24,924,651,273,0.8096869848021921,0.8007742385622569,0.7890875125898168,0.00891274623993521,0.020599472212375347,0.7778908066009401,0.8385479065950071,0.7683885976316173,0.8309526110340022,0.755949059831053,0.8214813122052138,-0.023526061469463812,0.03887751937667593,0.0016470740292059186,0.04012373192956311
final_correct_replication,16,25,924,651,273,0.8068060971286777,0.8007742385622569,0.7919796537308058,0.006031858566420745,0.014826443397871869,0.7772146475544746,0.8330476731448279,0.7711615144824481,0.8306254535953784,0.759041949871425,0.8212634086573819,-0.026924487626103947,0.03657255067777366,-0.004988636061633994,0.0352475576748194
final_correct_replication,16,28,924,651,273,0.8031824806018355,0.8007742385622569,0.800250952324685,0.0024082420395785675,0.002931528277150486,0.7673667334360819,0.8315569509525516,0.7706083212012111,0.8273825773708416,0.7676871975246156,0.8320234009512706,-0.025987144197221732,0.032757343070770904,-0.017496319292179676,0.02249910851964596
recover_any,16,24,380,263,117,0.6973449026680965,0.667706606870105,0.7008547008547009,0.029638295797991487,-0.0035097981866044625,0.6418677388013723,0.7505906845789971,0.6078732769324713,0.7300160908779998,0.6462552686460118,0.7592707749550053,-0.03317891823356112,0.08925200445357478,-0.04694361250720875,0.044029250694994075
recover_any,16,25,380,263,117,0.6894153586168794,0.667706606870105,0.6874004744727178,0.021708751746774446,0.0020148841441616216,0.6281562624176026,0.7420052213324745,0.6086236458727018,0.720525834836805,0.626929409982962,0.7470188265709891,-0.042336708797285766,0.07932275657150491,-0.04625406896353701,0.04897958054445533
recover_any,16,28,380,263,117,0.6836956874979688,0.667706606870105,0.6653017451496539,0.01598908062786386,0.01839394234831493,0.630949606576978,0.7381293841616223,0.6073107789932957,0.7201369923488882,0.6086803774398057,0.7276937607367702,-0.04221921866104021,0.07607971399497761,-0.022095613669353704,0.05761803448180392
overwrite_any,16,24,305,147,158,0.632523895634203,0.5099026952553173,0.6347197106690778,0.12262120037888569,-0.0021958150348748706,0.567749529787444,0.6946058784786378,0.4473755629228275,0.572102036146253,0.5609402069991242,0.7004349100120991,0.03683815718125474,0.19869326760211573,-0.04263735768569831,0.04247271304793267
overwrite_any,16,25,305,147,158,0.6313614053216222,0.5099026952553173,0.6258503401360545,0.12145871006630493,0.005511065185567765,0.5725963384082838,0.6925488583339794,0.44737638294447135,0.5800222621455164,0.5613069816089951,0.6908331707777499,0.03897684454136061,0.20820741462380116,-0.03628615158013171,0.05489542662318334
overwrite_any,16,28,305,147,158,0.6288211487126497,0.5099026952553173,0.6425988116765693,0.11891845345733243,-0.013777662963919579,0.5742880155797463,0.6886056722675051,0.45624632070092314,0.579831209047251,0.5818644530170362,0.704875342814543,0.040285231174252256,0.19184740303693504,-0.056628575131772274,0.03147143234574139
transient_recovery,16,24,154,45,109,0.6266055045871559,0.42528032619775735,0.5005096839959224,0.20132517838939856,0.12609582059123348,0.527753376656473,0.7235096526474668,0.3191993050406115,0.5303015081646505,0.39326109658561326,0.60496432275202,0.06784659556157145,0.3116400890857412,0.0332679983190187,0.21473153828023012
transient_recovery,16,25,154,45,109,0.6582059123343527,0.42528032619775735,0.5035677879714576,0.2329255861365953,0.15463812436289504,0.5700162339972417,0.7525729546762379,0.328774040593711,0.5370587568058076,0.4037283940265997,0.6060796237728016,0.1214972737488594,0.3678829469537811,0.05215101273099961,0.25818788259105296
transient_recovery,16,28,154,45,109,0.6042813455657493,0.42528032619775735,0.5531090723751274,0.17900101936799195,0.0511722731906219,0.4969993642720915,0.7039235363674969,0.33275137741046834,0.5273737080103359,0.4370012397333088,0.659555120124973,0.023661821389094173,0.31218605916254993,-0.035999176013380596,0.13093491735537174
transient_overwrite,16,24,262,108,154,0.5437109187109188,0.5194805194805194,0.5755170755170755,0.02423039923039938,-0.03180615680615673,0.473684914845002,0.6125526273655179,0.4534779728701826,0.595911760117668,0.5035505528888696,0.6464468133207517,-0.06344969765228384,0.10589440061758834,-0.08279647590791103,0.022430933963342663
transient_overwrite,16,25,262,108,154,0.5431697931697931,0.5194805194805194,0.5793049543049543,0.02368927368927365,-0.03613516113516124,0.4756437466929103,0.6110332306338028,0.4527495050074581,0.5958179629370459,0.5132219208215324,0.6463044668938656,-0.07665355521270943,0.11023239341608192,-0.09081788215348227,0.014631368669448731
transient_overwrite,16,28,262,108,154,0.5142496392496393,0.5194805194805194,0.5677008177008177,-0.005230880230880142,-0.053451178451178416,0.445453390948674,0.587331888754899,0.4571549181496223,0.602895709160292,0.5039767232394597,0.6378731126425535,-0.10833008844362692,0.08272145924015964,-0.1031664333468626,0.0017771891577554719
finish_correct_from_wrong,16,24,354,200,154,0.700487012987013,0.7035064935064935,0.7326298701298701,-0.003019480519480533,-0.03214285714285714,0.6449008295951231,0.7540752174409158,0.6446727311821652,0.7527962750634494,0.6804619825058214,0.7818102675812632,-0.05862209973647508,0.05250846246173344,-0.07533101852121901,0.008484315180168572
finish_correct_from_wrong,16,25,354,200,154,0.682435064935065,0.7035064935064935,0.7258116883116883,-0.02107142857142852,-0.04337662337662329,0.625032002361116,0.735419105520128,0.6463133973597148,0.7576616742326379,0.6750945186972483,0.774905601361812,-0.07502239658489648,0.03301458112690396,-0.0878131238839047,-0.0035587717387299163
finish_correct_from_wrong,16,28,354,200,154,0.6984415584415584,0.7035064935064935,0.7087337662337663,-0.0050649350649351055,-0.010292207792207853,0.6468462812105599,0.7498630718085525,0.6505874589793803,0.7561828397364477,0.6523048941798942,0.7587928809248903,-0.05860811460665366,0.05043883247743548,-0.04958119959169403,0.03227840953091134
final_correct_replication,24,24,924,651,273,0.8229998368247216,0.8296225024335623,0.7908092931134405,-0.006622665608840728,0.03219054371128105,0.7940268158026392,0.851456592253108,0.8010352882299451,0.8571889970914234,0.7582043790738625,0.8208918970533569,-0.04022111691130208,0.026086294426009217,0.011363757428657018,0.053438560199206876
final_correct_replication,24,25,924,651,273,0.8240745429685523,0.8296225024335623,0.7914507407594964,-0.005547959465009966,0.03262380220905592,0.7971070459259232,0.8545776809159716,0.8024386655373679,0.8582894059065933,0.7592922874523008,0.8225964669298456,-0.03949663366475294,0.027871484464815806,0.01144264160466419,0.055643137105893366
final_correct_replication,24,28,924,651,273,0.8081846468943243,0.8296225024335623,0.8008642663020544,-0.021437855539237938,0.007320380592269915,0.777451217472514,0.8401109426580208,0.8034348820733105,0.8554869818952159,0.7703778507401978,0.8322970437203772,-0.05402115229020789,0.00862625843432319,-0.01308254348539404,0.030080406660243898
recover_any,24,24,313,191,122,0.6120933825422711,0.600592223843447,0.6657368466226075,0.011501158698824065,-0.05364346408033638,0.5384165466117075,0.6765749679491384,0.5356599276777457,0.6640789903343781,0.6047603300952152,0.7231789891556538,-0.056581113698950664,0.07244407203402853,-0.10531955536369518,0.005616872912702184
recover_any,24,25,313,191,122,0.6166852630675479,0.600592223843447,0.6370268646468115,0.01609303922410088,-0.02034160157926357,0.5583448784535051,0.6789980794182475,0.5385013167329548,0.665644721767594,0.5741070300776686,0.705326341898792,-0.04513048654505134,0.08741180559509573,-0.06926337191211726,0.03373442075897397
recover_any,24,28,313,191,122,0.5882327697193375,0.600592223843447,0.6082310531284869,-0.012359454124109548,-0.019998283409149442,0.5191909146374057,0.6540009968758733,0.5381467502217824,0.669025667142489,0.5472921496571541,0.6711819595684462,-0.0838975334190335,0.05555493198888569,-0.0720187122896158,0.031479117137823885
overwrite_any,24,24,362,156,206,0.6357045058501369,0.5473923325865073,0.6099078914612894,0.08831217326362961,0.025796614388847505,0.5764305950234712,0.6920466325067378,0.4886876346182413,0.6125974673469018,0.5511393196461714,0.671802669366187,0.01579548384804065,0.16729082470320786,-0.017877496680310502,0.06431262738092113
overwrite_any,24,25,362,156,206,0.6266492407269106,0.5473923325865073,0.6298854866816032,0.07925690814040331,-0.003236245954692518,0.5648110817300147,0.6807386312973335,0.49431552904548004,0.6023920494462353,0.5685759501308962,0.685446690470318,0.011375634687757274,0.14910648148148142,-0.04136931836656534,0.04129684344484864
overwrite_any,24,28,362,156,206,0.6309746079163555,0.5473923325865073,0.6460044809559373,0.08358227532984819,-0.01502987303958181,0.5698793727178858,0.685729514670244,0.4922434993691789,0.6063540321224767,0.5879655763514143,0.7040771741900457,0.014311324125351611,0.15089642346411483,-0.05879771809428274,0.022637440912160453
transient_recovery,24,24,151,42,109,0.6491917868064657,0.6297509829619921,0.5301441677588467,0.019440803844473664,0.11904761904761907,0.5521641206423815,0.7498114802362907,0.5160565605928509,0.7328318716739392,0.4273314508471188,0.6366602904351917,-0.13083760536405384,0.16556711421104042,0.038975306036302226,0.20230073044513647
transient_recovery,24,25,151,42,109,0.6288772389689821,0.6297509829619921,0.5747051114023591,-0.00087374399300999,0.05417212756662293,0.5375438800869835,0.7161079110136294,0.5136292016806723,0.7385062204406191,0.46720741925498893,0.6697999902075988,-0.12456322968463869,0.13783311489733513,-0.04317131108555532,0.1483895806028833
transient_recovery,24,28,151,42,109,0.6332459589340322,0.6297509829619921,0.596439493228484,0.003494975972040182,0.03680646570554824,0.5321586587684657,0.730382671622617,0.5120772946859904,0.7354485059937188,0.49763084037474287,0.7046093648375903,-0.14666503870026448,0.16494945273859676,-0.05081116756957921,0.12965953759024126
transient_overwrite,24,24,322,121,201,0.5650261091238025,0.564861642202212,0.547551498704823,0.00016446692159044485,0.017474610418979464,0.5012567626280244,0.6278058686753332,0.49964197250873094,0.6294729292479859,0.4796149670560048,0.6098123631114356,-0.07628296700443542,0.0795019452301109,-0.02818081917954378,0.06330324701672842
transient_overwrite,24,25,322,121,201,0.5762509765223469,0.564861642202212,0.5568438797746804,0.011389334320134892,0.019407096747666497,0.5055015163226666,0.6359482595218982,0.5010157241685708,0.6220205822803975,0.48401570544658473,0.6218822194719472,-0.061984508001894506,0.0868593427476436,-0.03421264345810786,0.06898013530165527
transient_overwrite,24,28,322,121,201,0.5920809177254225,0.564861642202212,0.5791702643805765,0.027219275523210462,0.01291065334484598,0.5306150844038207,0.650759774951016,0.5042782814619386,0.6252797339279661,0.5146719634074988,0.644925882886572,-0.05196621137780655,0.10487332656729352,-0.04085179384873968,0.06101525930508299
finish_correct_from_wrong,24,24,288,137,151,0.671049451346256,0.6897568521293567,0.669599265239039,-0.018707400783100625,0.001450186107217033,0.6060577299855318,0.7295049837716194,0.6308291053509176,0.743106649822233,0.6063013689763479,0.7210172631691848,-0.08228272915772919,0.04528046437344446,-0.048464031030835394,0.04820678235493236
finish_correct_from_wrong,24,25,288,137,151,0.6472663991878957,0.6897568521293567,0.6822158843718277,-0.04249045294146092,-0.03494948518393193,0.5819194831804259,0.7083697010807078,0.6256945752032024,0.7519676324425201,0.6247904847556452,0.7412036713701696,-0.11234909598771717,0.029683101385059595,-0.09504098075309832,0.01518561523970451
finish_correct_from_wrong,24,28,288,137,151,0.6705177164402766,0.6897568521293567,0.6764634794798667,-0.01923913568908009,-0.005945763039590157,0.6162652957638279,0.7308402332487699,0.6325034378937904,0.7529829009001071,0.6197264584846284,0.7323725473756544,-0.0797787843721052,0.04636036313959981,-0.0622202505216505,0.0462081354785652
final_correct_replication,32,24,924,651,273,0.8447359092520383,0.8590390664123383,0.7893857294778954,-0.01430315716029995,0.055350179774142916,0.8188871609071009,0.8699702341159313,0.8333930854192282,0.8834445148308191,0.7585419382387208,0.8187231186042285,-0.046361231386865896,0.014847877467289192,0.032090127380861234,0.07665890837357929
final_correct_replication,32,25,924,651,273,0.8398406509005587,0.8590390664123383,0.7927223825841337,-0.019198415511779587,0.04711826831642496,0.8130411759919332,0.863110989599517,0.8334717616372394,0.8818248179273461,0.7626060400642329,0.8231641820359196,-0.04656369125603435,0.009126967682584046,0.020822611354817427,0.07120174543395472
final_correct_replication,32,28,924,651,273,0.8262295819899507,0.8590390664123383,0.7992606471869145,-0.032809484422387625,0.026968934803036193,0.7959932616817997,0.8578642193649899,0.8333582964565976,0.8837460513601567,0.7654965404965405,0.8324952951344392,-0.0641547733466112,0.0022670459302011775,0.0024491708170981735,0.050136818246018254
recover_any,32,24,266,127,139,0.5870956777884779,0.5985951396363224,0.589078343624313,-0.01149946184784445,-0.0019826658358350624,0.5241786444671135,0.6544042384759292,0.5265883708417162,0.660387603449851,0.5208348245360136,0.6578543509748269,-0.09336319698176386,0.06806080197592317,-0.07429504157495717,0.06082968309888851
recover_any,32,25,266,127,139,0.5640401064974792,0.5985951396363224,0.6167223701353878,-0.03455503313884323,-0.05268226363790862,0.5006495768804217,0.6299263466401969,0.525471323494966,0.6677146944210879,0.5480297191441422,0.6778764296218911,-0.11981120881827266,0.05027119224092539,-0.13020500059068613,0.01884214706560478
recover_any,32,28,266,127,139,0.5537868917464454,0.5985951396363224,0.5629071545912876,-0.04480824788987703,-0.009120262844842242,0.4885006782846465,0.6276567766811358,0.5281198653529455,0.664454729260125,0.49943965824399666,0.6334506270787651,-0.11452052664151462,0.03343829570531309,-0.06695278631339231,0.04997504484453887
overwrite_any,32,24,422,141,281,0.6199490169354636,0.5122031246056384,0.6179046465258322,0.10774589232982512,0.0020443704096313464,0.5618518299244517,0.6745846942785046,0.4496274749948969,0.5695576493716665,0.5617658742641441,0.6780078746119481,0.03524142704630507,0.18873417418004396,-0.04010151964274779,0.04780279241549532
overwrite_any,32,25,422,141,281,0.6207566694429721,0.5122031246056384,0.6222710178945509,0.1085535448373337,-0.0015143484515787176,0.5641007946988441,0.674232426453711,0.45382266426567847,0.5731194495623013,0.5666793065193496,0.6796264688156772,0.03898075488120057,0.18222134192274725,-0.04363962595669899,0.03551490514905151
overwrite_any,32,28,422,141,281,0.6333257615910755,0.5122031246056384,0.6303223038287776,0.12112263698543702,0.003003457762297823,0.5762119720330505,0.6950957757165185,0.45472470301989404,0.5690591577540106,0.5656745453997111,0.6906123753494248,0.048555538239959145,0.1929531318882108,-0.03482203395775895,0.04341581589675223
transient_overwrite,32,24,374,104,270,0.5682692307692307,0.5022079772079772,0.5476495726495726,0.06606125356125359,0.020619658119658157,0.5047583644976106,0.6236604450846941,0.4393928263775351,0.5625735689588937,0.4877739758286534,0.6066273093937029,-0.009575764999924043,0.15155733055606138,-0.033447051915670455,0.07340327862190507
transient_overwrite,32,25,374,104,270,0.5783119658119658,0.5022079772079772,0.5636752136752137,0.07610398860398859,0.014636752136752085,0.5168530762167125,0.6415954949387654,0.4397067841548592,0.5668650503997219,0.5006388724536789,0.6322235373010119,-0.0025347935813290054,0.15839072884657662,-0.03901426351760027,0.0637327090236069
transient_overwrite,32,28,374,104,270,0.5653133903133902,0.5022079772079772,0.5810541310541311,0.06310541310541307,-0.015740740740740833,0.497405380989659,0.6297997509017579,0.43902179099935507,0.566184800719808,0.5168521665474827,0.641394403770222,-0.029558424373905885,0.1409846586494314,-0.0717793720677467,0.03661947124199589
finish_correct_from_wrong,32,24,249,100,149,0.6687919463087248,0.6597986577181209,0.650738255033557,0.008993288590603998,0.01805369127516787,0.5976057921773517,0.7349527000589238,0.5923401552095724,0.7183757391845627,0.5834464214117975,0.7157368604555772,-0.061753463403775785,0.08176451695465173,-0.04845737683764285,0.07580922179727878
finish_correct_from_wrong,32,25,249,100,149,0.6583892617449665,0.6597986577181209,0.6693288590604027,-0.0014093959731543704,-0.010939597315436256,0.596412371010345,0.7207063079491629,0.5934023471287623,0.7351420267309348,0.6020916266300618,0.7288616768288798,-0.07742708060624483,0.07358168132068432,-0.07368829952533028,0.05198945539432842
finish_correct_from_wrong,32,28,249,100,149,0.6384563758389261,0.6597986577181209,0.636510067114094,-0.021342281879194736,0.0019463087248321465,0.5647540864012651,0.7066548961986918,0.5917412704335174,0.727789327973715,0.574605073193661,0.7050401803649883,-0.10154648393910409,0.04458247362237482,-0.0655727019368827,0.06707846991465637
final_correct_replication,40,24,924,651,273,0.8399363053740934,0.8874822054545557,0.7892338076669874,-0.04754590008046233,0.050702497707106,0.8114457630878438,0.866001489211605,0.8614168077767306,0.9094958885438275,0.755996163226669,0.8178983433697565,-0.082278025691795,-0.016558688847683845,0.02758302948971147,0.07443623398871424
final_correct_replication,40,25,924,651,273,0.8372242197126989,0.8874822054545557,0.7911694040726298,-0.0502579857418568,0.04605481564006908,0.8101499015586765,0.8623695355854624,0.8622208046428829,0.9103429029557092,0.7577727325434306,0.8210614844568044,-0.08279394036033219,-0.016909595219187442,0.02271538027232237,0.07058382624946459
final_correct_replication,40,28,924,651,273,0.8357781491422043,0.8874822054545557,0.7997783066907491,-0.05170405631235142,0.035999842451455155,0.8078454281147993,0.8639032450712765,0.8663187189464158,0.9125824222730263,0.7691670284229125,0.8323673412144226,-0.08318435324022426,-0.020757529115402552,0.011718640883486602,0.05937823277165817
recover_any,40,24,243,71,172,0.6979200786112021,0.613658696364232,0.6283164100884376,0.0842613822469701,0.06960366852276445,0.6286704735680725,0.7662646818737255,0.535132947564203,0.6878882260160556,0.5495033217152924,0.7161396032522006,-0.00598122833676263,0.1806150099321814,-0.008068152967110059,0.13737943205939984
recover_any,40,25,243,71,172,0.6883393383557157,0.613658696364232,0.6469865705863086,0.07468064199148372,0.041352767769407106,0.6142003530299937,0.7698426178235813,0.533940754439512,0.6874371791877272,0.5669388344285505,0.7223067318931953,-0.017088398175443692,0.17685469163298886,-0.02648045128418445,0.1172469989904646
recover_any,40,28,243,71,172,0.6256141500163774,0.613658696364232,0.5896659023910907,0.011955453652145454,0.0359482476252867,0.5464549175526653,0.6998438123752495,0.5356579719567907,0.698890129148448,0.5067979536655258,0.6723655119171095,-0.08734061165449786,0.10725381633301942,-0.04331407046932758,0.11522773920023266
overwrite_any,40,24,474,110,364,0.6514235764235764,0.6216283716283717,0.6122627372627373,0.0297952047952047,0.03916083916083912,0.598635823926406,0.7087015202417333,0.5630755839297061,0.6755109668939455,0.5522673048026969,0.6711299225863372,-0.036813539888406195,0.1051867845471497,-0.009856952359512224,0.08659105889402502
overwrite_any,40,25,474,110,364,0.6508241758241758,0.6216283716283717,0.6265734265734266,0.029195804195804143,0.024250749250749215,0.5933286697576329,0.7034575662981839,0.5651528107641086,0.6815797797932037,0.5614223721099739,0.6842080760981406,-0.04438743189483698,0.09776076162599052,-0.0272239915353258,0.07711198359994387
overwrite_any,40,28,474,110,364,0.6926823176823176,0.6216283716283717,0.6036463536463537,0.07105394605394588,0.08903596403596392,0.6349159355925145,0.7437828069904752,0.5643962891445561,0.6794521394575113,0.5400201044635106,0.659084195538256,-0.0041514580834096666,0.141522626689213,0.0323744179848504,0.14376033282752101
transient_overwrite,40,24,428,77,351,0.5867095867095867,0.6130536130536131,0.5394235394235394,-0.026344026344026328,0.04728604728604735,0.5152611978509625,0.6477871415928422,0.5449327035654015,0.6730811887164856,0.4713702456213675,0.6025941387005619,-0.11977443069727536,0.06302577707219253,-0.024646223256928623,0.11341504185987608
transient_overwrite,40,25,428,77,351,0.5861175861175861,0.6130536130536131,0.582898582898583,-0.026936026936026924,0.003219003219003147,0.5175754552201799,0.6492580157130221,0.5456909381652341,0.6769170667864036,0.5203802174544958,0.6504488435117542,-0.12339906473152636,0.061527359300097374,-0.06024367259569988,0.06713828425096022
transient_overwrite,40,28,428,77,351,0.5927035927035927,0.6130536130536131,0.5392385392385393,-0.020350020350020315,0.05346505346505348,0.5226972710895765,0.662152047715125,0.5533045160548504,0.6814939639483371,0.4674031307771084,0.615241173065792,-0.12333640006763466,0.06682449900708014,-0.01629515518880403,0.12619661690433753
finish_correct_from_wrong,40,24,224,58,166,0.6829040299127545,0.654445367677607,0.5550477773161613,0.02845866223514748,0.12785625259659317,0.6041501897221602,0.7640937636921279,0.564783711336097,0.7358321130436515,0.4680309631774476,0.6493813486875188,-0.07954992786037392,0.14565700472978407,0.04623535020068645,0.2106493907751853
finish_correct_from_wrong,40,25,224,58,166,0.6418259243872041,0.654445367677607,0.540351059410054,-0.012619443290402876,0.10147486497715008,0.5510207502428799,0.725700323363701,0.5698304795619159,0.7398056358213805,0.4487556345644039,0.6295629224556253,-0.12571197684686583,0.09490100723207935,0.00915946308602304,0.20276271008229185
finish_correct_from_wrong,40,28,224,58,166,0.6545492314083922,0.654445367677607,0.5959181553801413,0.00010386373078519195,0.058631076028250906,0.5647288537577516,0.7265549978531959,0.5681856748052032,0.7458266846968673,0.5132635058177896,0.6644103055061674,-0.11500698295102824,0.10678226253702457,-0.04037343470483006,0.1558346661968951
final_correct_replication,48,24,924,651,273,0.8537780703679321,0.9200722472611874,0.7915013813631325,-0.06629417689325534,0.062276689004799546,0.8288070645402489,0.8771947555858925,0.9022396717565571,0.9351216317951826,0.7595915897605375,0.8207568945329334,-0.0934015203353836,-0.037983828658354535,0.03930142941865333,0.08802974951971194
final_correct_replication,48,25,924,651,273,0.8496986884083658,0.9200722472611874,0.7922553636839351,-0.0703735588528216,0.0574433247244307,0.8226415139271799,0.8755201548856847,0.9016440677966102,0.9373993399707918,0.7608776601902196,0.8239128344437608,-0.10353913110650334,-0.03941640329975313,0.030756734588132988,0.0821185124501251
final_correct_replication,48,28,924,651,273,0.850683366812399,0.9200722472611874,0.8005041553428649,-0.06938888044878844,0.05017921146953408,0.8219101823536075,0.8780769105955427,0.9018552728258131,0.9373246686650352,0.7690815870308958,0.8285824732129976,-0.0995932229509537,-0.040576658808210354,0.025263657104386845,0.0754363716141518
recover_any,48,24,224,47,177,0.703570140641904,0.6777256881836758,0.6353528068277438,0.025844452458228195,0.06821733381416029,0.6173979251334768,0.7770447910427813,0.5880757095854243,0.7562375847775008,0.5554832778426769,0.7198420846383383,-0.08612469695372613,0.13994262385523565,-0.005362600936636782,0.1440909109258507
recover_any,48,25,224,47,177,0.7060343791321072,0.6777256881836758,0.6756821733381416,0.02830869094843136,0.03035220579396558,0.6160402191843204,0.7846444746792459,0.5930621506828678,0.7593363414559168,0.595116410951268,0.7596805352863175,-0.08798787590402543,0.1556681270273474,-0.039377137813086195,0.10799241797354023
recover_any,48,28,224,47,177,0.6905878110349801,0.6777256881836758,0.6809712705854069,0.01286212285130428,0.009616540449573274,0.6107302502706339,0.7611278382343438,0.5830106687061833,0.7506738000201033,0.5976869724525693,0.7661971525448922,-0.1040297966736301,0.11487074588358072,-0.06366051591637524,0.08279671717171705
overwrite_any,48,24,436,42,394,0.6424945612762872,0.6588107324147933,0.5493715252598501,-0.01631617113850603,0.09312303601643712,0.5544484406081273,0.7262497393555578,0.5860273389640386,0.7378422542073858,0.4558203897691607,0.6426901824184433,-0.1417381329968369,0.10330119304012704,-0.011692839279854463,0.2007002991996323
overwrite_any,48,25,436,42,394,0.616630408508581,0.6588107324147933,0.5360768672951415,-0.04218032390621229,0.0805535412134395,0.5147712522001732,0.7134127068627094,0.5862765911691142,0.7274656268541103,0.43921985527623636,0.6369801902547493,-0.1549247413737711,0.08010691615974613,-0.009667311683287239,0.18801780913389252
overwrite_any,48,28,436,42,394,0.6000725163161712,0.6588107324147933,0.5663524292965917,-0.058738216098622065,0.033720087019579514,0.4933275967541034,0.7007471079062589,0.5879932632484446,0.736437151280601,0.46306283769375817,0.6586214106208544,-0.1850933693081333,0.06114220674783936,-0.07093082983399943,0.13481306935748258
finish_correct_from_wrong,48,24,214,35,179,0.7406225059856345,0.7003990422984836,0.7056664006384678,0.04022346368715091,0.034956105347166755,0.6623594184648225,0.8232315891472868,0.6125743378310845,0.793279788934365,0.6255189034660549,0.7821075339966177,-0.07000788162114134,0.15631777795753973,-0.040079349529780525,0.1156590590112372
finish_correct_from_wrong,48,25,214,35,179,0.7281723862729449,0.7003990422984836,0.7182761372705506,0.027773343974461295,0.009896249002394275,0.6413911218339143,0.8087442936800038,0.6185568394024277,0.7915506825416575,0.634461854686562,0.8078472479710173,-0.08526624336885591,0.12908698880060657,-0.07313165429588762,0.08510933913253593
finish_correct_from_wrong,48,28,214,35,179,0.7082202713487629,0.7003990422984836,0.6827613727055069,0.007821229050279266,0.02545889864325601,0.612241899588671,0.7882967891054473,0.6170362173103948,0.7784582604895106,0.5716595720849942,0.7748083103815533,-0.12056215083798885,0.12429165575483883,-0.0692988541622173,0.11914097850678729
final_correct_replication,56,24,924,651,273,0.8634447989286701,0.9714949668866721,0.7889299640451715,-0.10805016795800204,0.07451483488349864,0.837963756103946,0.8903161148870633,0.9554958256131453,0.9833447221543965,0.7586968111746927,0.8231447913068006,-0.1366661056956926,-0.07801391224732199,0.048843626798893626,0.10062473600854827
final_correct_replication,56,25,924,651,273,0.8604513765804087,0.9714949668866721,0.7926042211756497,-0.11104359030626343,0.06784715540475905,0.8333263886500669,0.8831351673677675,0.9563522275440691,0.9841919764080732,0.7622844672043174,0.8228410737377773,-0.13996264762740254,-0.08251397533966005,0.04144589694833243,0.09563697078573055
final_correct_replication,56,28,924,651,273,0.857412940362249,0.9714949668866721,0.7997557997557997,-0.11408202652442312,0.05765714060644933,0.8322272387221812,0.8838581452043982,0.9568612750083917,0.9841424209887708,0.7681421949819552,0.8318262418320757,-0.13975554321248318,-0.08530169583972,0.03053446351748064,0.0822077590493616
final_correct_replication,60,24,924,651,273,0.8636923752131126,0.9891235236857356,0.7882041153930555,-0.12543114847262304,0.07548825982005714,0.8400371501013781,0.8889334461798977,0.9793742428317656,0.9953257761833668,0.7574715210013636,0.8166768434350417,-0.1494634579638935,-0.09742261426680753,0.05017578654000692,0.10348646945475248
final_correct_replication,60,25,924,651,273,0.8623475858498899,0.9891235236857356,0.7922553636839351,-0.12677593783584573,0.07009222216595479,0.8334067537482075,0.8880801963917072,0.9798046350789201,0.9965859834799098,0.7580156118895579,0.8251474987986757,-0.15613304453706076,-0.09739482666910192,0.04508992393275378,0.09767024630688471
final_correct_replication,60,28,924,651,273,0.8566420778402345,0.9891235236857356,0.7995926244774171,-0.13248144584550114,0.057049453362817415,0.8311863489939909,0.8833637208059016,0.9812502309697834,0.9964965023709992,0.7691510932171659,0.8326515730461618,-0.15884374694516332,-0.10522437467944057,0.028471513063686366,0.0834526169669508
final_correct_replication,62,24,924,651,273,0.8646432932147219,0.9954817328089218,0.7915351417655565,-0.13083843959419994,0.07310815144916538,0.8392701772807831,0.8897984022360879,0.9902487608230061,0.9996826129841045,0.7575976532397082,0.823867489289772,-0.15819822668236175,-0.10627623088165196,0.04659317223729648,0.09797417297079077
final_correct_replication,62,25,924,651,273,0.8716767103863877,0.9954817328089218,0.7921203220742392,-0.1238050224225341,0.07955638831214851,0.8500355491732781,0.8922095304001737,0.9899474537363624,0.9999670268001823,0.76221530380532,0.8214830044587957,-0.14576971147129758,-0.10215865230021888,0.054704575477046415,0.10686555305642981
final_correct_replication,62,28,924,651,273,0.8659374419743082,0.9954817328089218,0.7991087253760065,-0.1295442908346136,0.0668287165983017,0.842393944598419,0.8901680446971934,0.9906122903076993,0.9996256430849455,0.7724062108108989,0.829867740943726,-0.15251975660603465,-0.10602578225179243,0.042941802437995835,0.08975571699136899
final_correct_replication,63,24,924,651,273,0.8667983322361204,1.0,0.7896895730997113,-0.13320166776387965,0.07710875913640902,0.8417738539019184,0.8930818982333419,0.9999999999999999,1.0,0.7572499434045701,0.8227308863573526,-0.15822614609808164,-0.10691810176665804,0.05137183006814165,0.10395085226489073
final_correct_replication,63,25,924,651,273,0.8722843976300197,1.0,0.7938027154617016,-0.12771560236998025,0.07848168216831819,0.8467877442130181,0.8968493412578803,0.9999999999999999,1.0,0.7615738652109415,0.8266673459025227,-0.1532122557869819,-0.10315065874211968,0.05390419589436542,0.10633199960630957
final_correct_replication,63,28,924,651,273,0.8623475858498901,1.0,0.8007404781598331,-0.13765241415010987,0.06160710769005706,0.8347909862630168,0.8861021795410408,0.9999999999999999,1.0,0.7686112750754593,0.8315480008783631,-0.1652090137369832,-0.11389782045895921,0.03781440517216589,0.08716146392534721
