suite,task_id,init_idx,env_seed,sim_state_hash,checkpoint,policy_seed,success,status,steps,replans
libero_10,1,0,7,2b2d3506d9f2365e2e0191e2882fccbf328c1a2b1c9cdcadb77463bf8d8446f7,3k,110000,1,ok,241,49
libero_10,1,0,7,2b2d3506d9f2365e2e0191e2882fccbf328c1a2b1c9cdcadb77463bf8d8446f7,3k,110001,1,ok,236,48
libero_10,1,0,7,2b2d3506d9f2365e2e0191e2882fccbf328c1a2b1c9cdcadb77463bf8d8446f7,3k,110002,1,ok,217,44
libero_10,1,0,7,2b2d3506d9f2365e2e0191e2882fccbf328c1a2b1c9cdcadb77463bf8d8446f7,3k,110003,1,ok,242,49
libero_10,1,0,7,2b2d3506d9f2365e2e0191e2882fccbf328c1a2b1c9cdcadb77463bf8d8446f7,3k,110004,1,ok,226,46
libero_10,1,0,7,2b2d3506d9f2365e2e0191e2882fccbf328c1a2b1c9cdcadb77463bf8d8446f7,3k,110005,1,ok,244,49
libero_10,1,0,7,2b2d3506d9f2365e2e0191e2882fccbf328c1a2b1c9cdcadb77463bf8d8446f7,3k,110006,1,ok,236,48
libero_10,1,0,7,2b2d3506d9f2365e2e0191e2882fccbf328c1a2b1c9cdcadb77463bf8d8446f7,3k,110007,1,ok,252,51
libero_10,1,1,7,1156d8e9cc61e2117c46eaaa23b0afdbdfa012183014b119d6149840bcf079c8,3k,110000,1,ok,245,49
libero_10,1,1,7,1156d8e9cc61e2117c46eaaa23b0afdbdfa012183014b119d6149840bcf079c8,3k,110001,1,ok,252,51
libero_10,1,1,7,1156d8e9cc61e2117c46eaaa23b0afdbdfa012183014b119d6149840bcf079c8,3k,110002,1,ok,245,49
libero_10,1,1,7,1156d8e9cc61e2117c46eaaa23b0afdbdfa012183014b119d6149840bcf079c8,3k,110003,1,ok,268,54
libero_10,1,1,7,1156d8e9cc61e2117c46eaaa23b0afdbdfa012183014b119d6149840bcf079c8,3k,110004,1,ok,242,49
libero_10,1,1,7,1156d8e9cc61e2117c46eaaa23b0afdbdfa012183014b119d6149840bcf079c8,3k,110005,1,ok,262,53
libero_10,1,1,7,1156d8e9cc61e2117c46eaaa23b0afdbdfa012183014b119d6149840bcf079c8,3k,110006,1,ok,237,48
libero_10,1,1,7,1156d8e9cc61e2117c46eaaa23b0afdbdfa012183014b119d6149840bcf079c8,3k,110007,1,ok,244,49
libero_10,1,2,7,8c54f65259113001d44b1c4654a6b24c9135f241bc63a3c609bb713850da6508,3k,110000,1,ok,234,47
libero_10,1,2,7,8c54f65259113001d44b1c4654a6b24c9135f241bc63a3c609bb713850da6508,3k,110001,1,ok,233,47
libero_10,1,2,7,8c54f65259113001d44b1c4654a6b24c9135f241bc63a3c609bb713850da6508,3k,110002,1,ok,227,46
libero_10,1,2,7,8c54f65259113001d44b1c4654a6b24c9135f241bc63a3c609bb713850da6508,3k,110003,1,ok,225,45
libero_10,1,2,7,8c54f65259113001d44b1c4654a6b24c9135f241bc63a3c609bb713850da6508,3k,110004,1,ok,280,56
libero_10,1,2,7,8c54f65259113001d44b1c4654a6b24c9135f241bc63a3c609bb713850da6508,3k,110005,0,ok,520,104
libero_10,1,2,7,8c54f65259113001d44b1c4654a6b24c9135f241bc63a3c609bb713850da6508,3k,110006,1,ok,234,47
libero_10,1,2,7,8c54f65259113001d44b1c4654a6b24c9135f241bc63a3c609bb713850da6508,3k,110007,1,ok,227,46
libero_10,1,3,7,8775401b7fe3afad58f3216e9aebbeaef4aefbb0607f68d7f0990f09c059faba,3k,110000,1,ok,251,51
libero_10,1,3,7,8775401b7fe3afad58f3216e9aebbeaef4aefbb0607f68d7f0990f09c059faba,3k,110001,1,ok,246,50
libero_10,1,3,7,8775401b7fe3afad58f3216e9aebbeaef4aefbb0607f68d7f0990f09c059faba,3k,110002,1,ok,293,59
libero_10,1,3,7,8775401b7fe3afad58f3216e9aebbeaef4aefbb0607f68d7f0990f09c059faba,3k,110003,1,ok,231,47
libero_10,1,3,7,8775401b7fe3afad58f3216e9aebbeaef4aefbb0607f68d7f0990f09c059faba,3k,110004,1,ok,272,55
libero_10,1,3,7,8775401b7fe3afad58f3216e9aebbeaef4aefbb0607f68d7f0990f09c059faba,3k,110005,1,ok,241,49
libero_10,1,3,7,8775401b7fe3afad58f3216e9aebbeaef4aefbb0607f68d7f0990f09c059faba,3k,110006,1,ok,227,46
libero_10,1,3,7,8775401b7fe3afad58f3216e9aebbeaef4aefbb0607f68d7f0990f09c059faba,3k,110007,1,ok,253,51
libero_10,1,4,7,896591daa33ea31c38f6599a66ea9b8c377fcfafffd8937c13a098b50a64dbe1,3k,110000,1,ok,261,53
libero_10,1,4,7,896591daa33ea31c38f6599a66ea9b8c377fcfafffd8937c13a098b50a64dbe1,3k,110001,1,ok,267,54
libero_10,1,4,7,896591daa33ea31c38f6599a66ea9b8c377fcfafffd8937c13a098b50a64dbe1,3k,110002,1,ok,242,49
libero_10,1,4,7,896591daa33ea31c38f6599a66ea9b8c377fcfafffd8937c13a098b50a64dbe1,3k,110003,1,ok,237,48
libero_10,1,4,7,896591daa33ea31c38f6599a66ea9b8c377fcfafffd8937c13a098b50a64dbe1,3k,110004,1,ok,248,50
libero_10,1,4,7,896591daa33ea31c38f6599a66ea9b8c377fcfafffd8937c13a098b50a64dbe1,3k,110005,1,ok,257,52
libero_10,1,4,7,896591daa33ea31c38f6599a66ea9b8c377fcfafffd8937c13a098b50a64dbe1,3k,110006,1,ok,257,52
libero_10,1,4,7,896591daa33ea31c38f6599a66ea9b8c377fcfafffd8937c13a098b50a64dbe1,3k,110007,1,ok,251,51
libero_10,1,5,7,9212824cbd502fd8b2b98012bb534204a263d44bbab928e2e448437b9d4da7c4,3k,110000,1,ok,314,63
libero_10,1,5,7,9212824cbd502fd8b2b98012bb534204a263d44bbab928e2e448437b9d4da7c4,3k,110001,1,ok,260,52
libero_10,1,5,7,9212824cbd502fd8b2b98012bb534204a263d44bbab928e2e448437b9d4da7c4,3k,110002,1,ok,252,51
libero_10,1,5,7,9212824cbd502fd8b2b98012bb534204a263d44bbab928e2e448437b9d4da7c4,3k,110003,1,ok,262,53
libero_10,1,5,7,9212824cbd502fd8b2b98012bb534204a263d44bbab928e2e448437b9d4da7c4,3k,110004,1,ok,237,48
libero_10,1,5,7,9212824cbd502fd8b2b98012bb534204a263d44bbab928e2e448437b9d4da7c4,3k,110005,1,ok,240,48
libero_10,1,5,7,9212824cbd502fd8b2b98012bb534204a263d44bbab928e2e448437b9d4da7c4,3k,110006,1,ok,252,51
libero_10,1,5,7,9212824cbd502fd8b2b98012bb534204a263d44bbab928e2e448437b9d4da7c4,3k,110007,1,ok,236,48
libero_10,1,6,7,a6c514a1cc215d96f5ab8534c6b3599cb7a2cd390c27a5a15775603943bec26d,3k,110000,1,ok,232,47
libero_10,1,6,7,a6c514a1cc215d96f5ab8534c6b3599cb7a2cd390c27a5a15775603943bec26d,3k,110001,1,ok,242,49
libero_10,1,6,7,a6c514a1cc215d96f5ab8534c6b3599cb7a2cd390c27a5a15775603943bec26d,3k,110002,1,ok,233,47
libero_10,1,6,7,a6c514a1cc215d96f5ab8534c6b3599cb7a2cd390c27a5a15775603943bec26d,3k,110003,1,ok,236,48
libero_10,1,6,7,a6c514a1cc215d96f5ab8534c6b3599cb7a2cd390c27a5a15775603943bec26d,3k,110004,1,ok,242,49
libero_10,1,6,7,a6c514a1cc215d96f5ab8534c6b3599cb7a2cd390c27a5a15775603943bec26d,3k,110005,1,ok,228,46
libero_10,1,6,7,a6c514a1cc215d96f5ab8534c6b3599cb7a2cd390c27a5a15775603943bec26d,3k,110006,1,ok,252,51
libero_10,1,6,7,a6c514a1cc215d96f5ab8534c6b3599cb7a2cd390c27a5a15775603943bec26d,3k,110007,1,ok,236,48
libero_10,1,7,7,f993425e6be65e134a45a469db08f2f628c5cce344a770616d73273f3dcfa812,3k,110000,0,ok,520,104
libero_10,1,7,7,f993425e6be65e134a45a469db08f2f628c5cce344a770616d73273f3dcfa812,3k,110001,1,ok,252,51
libero_10,1,7,7,f993425e6be65e134a45a469db08f2f628c5cce344a770616d73273f3dcfa812,3k,110002,1,ok,245,49
libero_10,1,7,7,f993425e6be65e134a45a469db08f2f628c5cce344a770616d73273f3dcfa812,3k,110003,1,ok,239,48
libero_10,1,7,7,f993425e6be65e134a45a469db08f2f628c5cce344a770616d73273f3dcfa812,3k,110004,1,ok,259,52
libero_10,1,7,7,f993425e6be65e134a45a469db08f2f628c5cce344a770616d73273f3dcfa812,3k,110005,1,ok,247,50
libero_10,1,7,7,f993425e6be65e134a45a469db08f2f628c5cce344a770616d73273f3dcfa812,3k,110006,1,ok,222,45
libero_10,1,7,7,f993425e6be65e134a45a469db08f2f628c5cce344a770616d73273f3dcfa812,3k,110007,1,ok,227,46
libero_10,1,8,7,490bce07769bbb068c8f8d22b87a122e9785c0eb9915f9387fc82c85de0355db,3k,110000,1,ok,243,49
libero_10,1,8,7,490bce07769bbb068c8f8d22b87a122e9785c0eb9915f9387fc82c85de0355db,3k,110001,1,ok,256,52
libero_10,1,8,7,490bce07769bbb068c8f8d22b87a122e9785c0eb9915f9387fc82c85de0355db,3k,110002,1,ok,262,53
libero_10,1,8,7,490bce07769bbb068c8f8d22b87a122e9785c0eb9915f9387fc82c85de0355db,3k,110003,1,ok,244,49
libero_10,1,8,7,490bce07769bbb068c8f8d22b87a122e9785c0eb9915f9387fc82c85de0355db,3k,110004,1,ok,261,53
libero_10,1,8,7,490bce07769bbb068c8f8d22b87a122e9785c0eb9915f9387fc82c85de0355db,3k,110005,1,ok,244,49
libero_10,1,8,7,490bce07769bbb068c8f8d22b87a122e9785c0eb9915f9387fc82c85de0355db,3k,110006,1,ok,262,53
libero_10,1,8,7,490bce07769bbb068c8f8d22b87a122e9785c0eb9915f9387fc82c85de0355db,3k,110007,1,ok,244,49
libero_10,1,9,7,54ebd5b648595ddffd70e94a2483be3d11d0f99336f6cdbfe223079d4e1f35ea,3k,110000,1,ok,232,47
libero_10,1,9,7,54ebd5b648595ddffd70e94a2483be3d11d0f99336f6cdbfe223079d4e1f35ea,3k,110001,1,ok,237,48
libero_10,1,9,7,54ebd5b648595ddffd70e94a2483be3d11d0f99336f6cdbfe223079d4e1f35ea,3k,110002,1,ok,256,52
libero_10,1,9,7,54ebd5b648595ddffd70e94a2483be3d11d0f99336f6cdbfe223079d4e1f35ea,3k,110003,1,ok,247,50
libero_10,1,9,7,54ebd5b648595ddffd70e94a2483be3d11d0f99336f6cdbfe223079d4e1f35ea,3k,110004,1,ok,247,50
libero_10,1,9,7,54ebd5b648595ddffd70e94a2483be3d11d0f99336f6cdbfe223079d4e1f35ea,3k,110005,1,ok,302,61
libero_10,1,9,7,54ebd5b648595ddffd70e94a2483be3d11d0f99336f6cdbfe223079d4e1f35ea,3k,110006,1,ok,241,49
libero_10,1,9,7,54ebd5b648595ddffd70e94a2483be3d11d0f99336f6cdbfe223079d4e1f35ea,3k,110007,1,ok,236,48
libero_10,1,10,7,83c0f4798f96ac0c91fd0292b700e7e0c07d03999ed6b9607f6f7e7dce540621,3k,110000,1,ok,287,58
libero_10,1,10,7,83c0f4798f96ac0c91fd0292b700e7e0c07d03999ed6b9607f6f7e7dce540621,3k,110001,1,ok,227,46
libero_10,1,10,7,83c0f4798f96ac0c91fd0292b700e7e0c07d03999ed6b9607f6f7e7dce540621,3k,110002,1,ok,237,48
libero_10,1,10,7,83c0f4798f96ac0c91fd0292b700e7e0c07d03999ed6b9607f6f7e7dce540621,3k,110003,1,ok,223,45
libero_10,1,10,7,83c0f4798f96ac0c91fd0292b700e7e0c07d03999ed6b9607f6f7e7dce540621,3k,110004,1,ok,227,46
libero_10,1,10,7,83c0f4798f96ac0c91fd0292b700e7e0c07d03999ed6b9607f6f7e7dce540621,3k,110005,1,ok,262,53
libero_10,1,10,7,83c0f4798f96ac0c91fd0292b700e7e0c07d03999ed6b9607f6f7e7dce540621,3k,110006,1,ok,227,46
libero_10,1,10,7,83c0f4798f96ac0c91fd0292b700e7e0c07d03999ed6b9607f6f7e7dce540621,3k,110007,1,ok,247,50
libero_10,1,11,7,8ffb3e617c2c33a4a121424106469daa82d81676c118cc2f28ecbe81fd7a0885,3k,110000,1,ok,256,52
libero_10,1,11,7,8ffb3e617c2c33a4a121424106469daa82d81676c118cc2f28ecbe81fd7a0885,3k,110001,1,ok,259,52
libero_10,1,11,7,8ffb3e617c2c33a4a121424106469daa82d81676c118cc2f28ecbe81fd7a0885,3k,110002,1,ok,277,56
libero_10,1,11,7,8ffb3e617c2c33a4a121424106469daa82d81676c118cc2f28ecbe81fd7a0885,3k,110003,1,ok,242,49
libero_10,1,11,7,8ffb3e617c2c33a4a121424106469daa82d81676c118cc2f28ecbe81fd7a0885,3k,110004,0,ok,520,104
libero_10,1,11,7,8ffb3e617c2c33a4a121424106469daa82d81676c118cc2f28ecbe81fd7a0885,3k,110005,1,ok,486,98
libero_10,1,11,7,8ffb3e617c2c33a4a121424106469daa82d81676c118cc2f28ecbe81fd7a0885,3k,110006,1,ok,237,48
libero_10,1,11,7,8ffb3e617c2c33a4a121424106469daa82d81676c118cc2f28ecbe81fd7a0885,3k,110007,1,ok,233,47
libero_10,1,12,7,6a70be94a268dfbe92b3a75afaefc17759040598459bf6b171eb9a881fa60f6e,3k,110000,1,ok,256,52
libero_10,1,12,7,6a70be94a268dfbe92b3a75afaefc17759040598459bf6b171eb9a881fa60f6e,3k,110001,1,ok,234,47
libero_10,1,12,7,6a70be94a268dfbe92b3a75afaefc17759040598459bf6b171eb9a881fa60f6e,3k,110002,1,ok,269,54
libero_10,1,12,7,6a70be94a268dfbe92b3a75afaefc17759040598459bf6b171eb9a881fa60f6e,3k,110003,1,ok,238,48
libero_10,1,12,7,6a70be94a268dfbe92b3a75afaefc17759040598459bf6b171eb9a881fa60f6e,3k,110004,1,ok,222,45
libero_10,1,12,7,6a70be94a268dfbe92b3a75afaefc17759040598459bf6b171eb9a881fa60f6e,3k,110005,1,ok,217,44
libero_10,1,12,7,6a70be94a268dfbe92b3a75afaefc17759040598459bf6b171eb9a881fa60f6e,3k,110006,1,ok,220,44
libero_10,1,12,7,6a70be94a268dfbe92b3a75afaefc17759040598459bf6b171eb9a881fa60f6e,3k,110007,1,ok,227,46
libero_10,1,13,7,c5dff818ca3fa482220fc7fb72ad87455cf9904694e203a81a730def3b5e9214,3k,110000,1,ok,282,57
libero_10,1,13,7,c5dff818ca3fa482220fc7fb72ad87455cf9904694e203a81a730def3b5e9214,3k,110001,1,ok,246,50
libero_10,1,13,7,c5dff818ca3fa482220fc7fb72ad87455cf9904694e203a81a730def3b5e9214,3k,110002,1,ok,217,44
libero_10,1,13,7,c5dff818ca3fa482220fc7fb72ad87455cf9904694e203a81a730def3b5e9214,3k,110003,1,ok,230,46
libero_10,1,13,7,c5dff818ca3fa482220fc7fb72ad87455cf9904694e203a81a730def3b5e9214,3k,110004,0,ok,520,104
libero_10,1,13,7,c5dff818ca3fa482220fc7fb72ad87455cf9904694e203a81a730def3b5e9214,3k,110005,1,ok,244,49
libero_10,1,13,7,c5dff818ca3fa482220fc7fb72ad87455cf9904694e203a81a730def3b5e9214,3k,110006,1,ok,230,46
libero_10,1,13,7,c5dff818ca3fa482220fc7fb72ad87455cf9904694e203a81a730def3b5e9214,3k,110007,1,ok,237,48
libero_10,1,14,7,2f2429b9fa620bea8441bd82224557879d1f76fd117d05f07cbc6e17ca3ba4fb,3k,110000,1,ok,263,53
libero_10,1,14,7,2f2429b9fa620bea8441bd82224557879d1f76fd117d05f07cbc6e17ca3ba4fb,3k,110001,1,ok,247,50
libero_10,1,14,7,2f2429b9fa620bea8441bd82224557879d1f76fd117d05f07cbc6e17ca3ba4fb,3k,110002,1,ok,232,47
libero_10,1,14,7,2f2429b9fa620bea8441bd82224557879d1f76fd117d05f07cbc6e17ca3ba4fb,3k,110003,1,ok,258,52
libero_10,1,14,7,2f2429b9fa620bea8441bd82224557879d1f76fd117d05f07cbc6e17ca3ba4fb,3k,110004,1,ok,247,50
libero_10,1,14,7,2f2429b9fa620bea8441bd82224557879d1f76fd117d05f07cbc6e17ca3ba4fb,3k,110005,1,ok,317,64
libero_10,1,14,7,2f2429b9fa620bea8441bd82224557879d1f76fd117d05f07cbc6e17ca3ba4fb,3k,110006,1,ok,287,58
libero_10,1,14,7,2f2429b9fa620bea8441bd82224557879d1f76fd117d05f07cbc6e17ca3ba4fb,3k,110007,1,ok,242,49
libero_10,5,0,7,bc2bdadbc9e4130ff604adc783ec26e1fd8a215019171be33e4dd579c16c9248,3k,110000,1,ok,147,30
libero_10,5,0,7,bc2bdadbc9e4130ff604adc783ec26e1fd8a215019171be33e4dd579c16c9248,3k,110001,1,ok,202,41
libero_10,5,0,7,bc2bdadbc9e4130ff604adc783ec26e1fd8a215019171be33e4dd579c16c9248,3k,110002,1,ok,179,36
libero_10,5,0,7,bc2bdadbc9e4130ff604adc783ec26e1fd8a215019171be33e4dd579c16c9248,3k,110003,1,ok,216,44
libero_10,5,0,7,bc2bdadbc9e4130ff604adc783ec26e1fd8a215019171be33e4dd579c16c9248,3k,110004,1,ok,180,36
libero_10,5,0,7,bc2bdadbc9e4130ff604adc783ec26e1fd8a215019171be33e4dd579c16c9248,3k,110005,1,ok,171,35
libero_10,5,0,7,bc2bdadbc9e4130ff604adc783ec26e1fd8a215019171be33e4dd579c16c9248,3k,110006,1,ok,252,51
libero_10,5,0,7,bc2bdadbc9e4130ff604adc783ec26e1fd8a215019171be33e4dd579c16c9248,3k,110007,1,ok,194,39
libero_10,5,1,7,f09dd2ac871d85ef3ad8433143279ff981fff8e69519aa64aba7b178022d084a,3k,110000,1,ok,171,35
libero_10,5,1,7,f09dd2ac871d85ef3ad8433143279ff981fff8e69519aa64aba7b178022d084a,3k,110001,1,ok,185,37
libero_10,5,1,7,f09dd2ac871d85ef3ad8433143279ff981fff8e69519aa64aba7b178022d084a,3k,110002,1,ok,194,39
libero_10,5,1,7,f09dd2ac871d85ef3ad8433143279ff981fff8e69519aa64aba7b178022d084a,3k,110003,1,ok,199,40
libero_10,5,1,7,f09dd2ac871d85ef3ad8433143279ff981fff8e69519aa64aba7b178022d084a,3k,110004,1,ok,164,33
libero_10,5,1,7,f09dd2ac871d85ef3ad8433143279ff981fff8e69519aa64aba7b178022d084a,3k,110005,1,ok,193,39
libero_10,5,1,7,f09dd2ac871d85ef3ad8433143279ff981fff8e69519aa64aba7b178022d084a,3k,110006,1,ok,203,41
libero_10,5,1,7,f09dd2ac871d85ef3ad8433143279ff981fff8e69519aa64aba7b178022d084a,3k,110007,1,ok,210,42
libero_10,5,2,7,dba9e2856060bbfa893093dbfa7049567c39bffbc83e737a3225a465fef6a8b3,3k,110000,1,ok,175,35
libero_10,5,2,7,dba9e2856060bbfa893093dbfa7049567c39bffbc83e737a3225a465fef6a8b3,3k,110001,1,ok,188,38
libero_10,5,2,7,dba9e2856060bbfa893093dbfa7049567c39bffbc83e737a3225a465fef6a8b3,3k,110002,1,ok,193,39
libero_10,5,2,7,dba9e2856060bbfa893093dbfa7049567c39bffbc83e737a3225a465fef6a8b3,3k,110003,1,ok,189,38
libero_10,5,2,7,dba9e2856060bbfa893093dbfa7049567c39bffbc83e737a3225a465fef6a8b3,3k,110004,1,ok,169,34
libero_10,5,2,7,dba9e2856060bbfa893093dbfa7049567c39bffbc83e737a3225a465fef6a8b3,3k,110005,1,ok,192,39
libero_10,5,2,7,dba9e2856060bbfa893093dbfa7049567c39bffbc83e737a3225a465fef6a8b3,3k,110006,1,ok,160,32
libero_10,5,2,7,dba9e2856060bbfa893093dbfa7049567c39bffbc83e737a3225a465fef6a8b3,3k,110007,1,ok,159,32
libero_10,5,3,7,f94d2517c0f954e6de14bd0e100f42543b3167b84080500d866d088e189fbbca,3k,110000,1,ok,162,33
libero_10,5,3,7,f94d2517c0f954e6de14bd0e100f42543b3167b84080500d866d088e189fbbca,3k,110001,1,ok,172,35
libero_10,5,3,7,f94d2517c0f954e6de14bd0e100f42543b3167b84080500d866d088e189fbbca,3k,110002,1,ok,165,33
libero_10,5,3,7,f94d2517c0f954e6de14bd0e100f42543b3167b84080500d866d088e189fbbca,3k,110003,1,ok,160,32
libero_10,5,3,7,f94d2517c0f954e6de14bd0e100f42543b3167b84080500d866d088e189fbbca,3k,110004,1,ok,184,37
libero_10,5,3,7,f94d2517c0f954e6de14bd0e100f42543b3167b84080500d866d088e189fbbca,3k,110005,1,ok,183,37
libero_10,5,3,7,f94d2517c0f954e6de14bd0e100f42543b3167b84080500d866d088e189fbbca,3k,110006,1,ok,188,38
libero_10,5,3,7,f94d2517c0f954e6de14bd0e100f42543b3167b84080500d866d088e189fbbca,3k,110007,1,ok,177,36
libero_10,5,4,7,41bba0929a8c56d0a032d751e0df8db3dd58f938163938e706f72fb22a7d836f,3k,110000,1,ok,161,33
libero_10,5,4,7,41bba0929a8c56d0a032d751e0df8db3dd58f938163938e706f72fb22a7d836f,3k,110001,1,ok,192,39
libero_10,5,4,7,41bba0929a8c56d0a032d751e0df8db3dd58f938163938e706f72fb22a7d836f,3k,110002,1,ok,155,31
libero_10,5,4,7,41bba0929a8c56d0a032d751e0df8db3dd58f938163938e706f72fb22a7d836f,3k,110003,1,ok,193,39
libero_10,5,4,7,41bba0929a8c56d0a032d751e0df8db3dd58f938163938e706f72fb22a7d836f,3k,110004,1,ok,165,33
libero_10,5,4,7,41bba0929a8c56d0a032d751e0df8db3dd58f938163938e706f72fb22a7d836f,3k,110005,1,ok,152,31
libero_10,5,4,7,41bba0929a8c56d0a032d751e0df8db3dd58f938163938e706f72fb22a7d836f,3k,110006,1,ok,188,38
libero_10,5,4,7,41bba0929a8c56d0a032d751e0df8db3dd58f938163938e706f72fb22a7d836f,3k,110007,1,ok,164,33
libero_10,5,5,7,8ffcce71297a98d4750a5eed26ad5c9cd6745710403077b5085f16462ba2ed8b,3k,110000,1,ok,185,37
libero_10,5,5,7,8ffcce71297a98d4750a5eed26ad5c9cd6745710403077b5085f16462ba2ed8b,3k,110001,1,ok,180,36
libero_10,5,5,7,8ffcce71297a98d4750a5eed26ad5c9cd6745710403077b5085f16462ba2ed8b,3k,110002,1,ok,168,34
libero_10,5,5,7,8ffcce71297a98d4750a5eed26ad5c9cd6745710403077b5085f16462ba2ed8b,3k,110003,1,ok,161,33
libero_10,5,5,7,8ffcce71297a98d4750a5eed26ad5c9cd6745710403077b5085f16462ba2ed8b,3k,110004,1,ok,186,38
libero_10,5,5,7,8ffcce71297a98d4750a5eed26ad5c9cd6745710403077b5085f16462ba2ed8b,3k,110005,1,ok,212,43
libero_10,5,5,7,8ffcce71297a98d4750a5eed26ad5c9cd6745710403077b5085f16462ba2ed8b,3k,110006,1,ok,167,34
libero_10,5,5,7,8ffcce71297a98d4750a5eed26ad5c9cd6745710403077b5085f16462ba2ed8b,3k,110007,1,ok,171,35
libero_10,5,6,7,60dce980a3fbe5f59b8a3d9778e4c8393f8986a3680a7e7cc8aab78e5f5159d1,3k,110000,1,ok,181,37
libero_10,5,6,7,60dce980a3fbe5f59b8a3d9778e4c8393f8986a3680a7e7cc8aab78e5f5159d1,3k,110001,1,ok,163,33
libero_10,5,6,7,60dce980a3fbe5f59b8a3d9778e4c8393f8986a3680a7e7cc8aab78e5f5159d1,3k,110002,1,ok,170,34
libero_10,5,6,7,60dce980a3fbe5f59b8a3d9778e4c8393f8986a3680a7e7cc8aab78e5f5159d1,3k,110003,1,ok,192,39
libero_10,5,6,7,60dce980a3fbe5f59b8a3d9778e4c8393f8986a3680a7e7cc8aab78e5f5159d1,3k,110004,1,ok,189,38
libero_10,5,6,7,60dce980a3fbe5f59b8a3d9778e4c8393f8986a3680a7e7cc8aab78e5f5159d1,3k,110005,1,ok,167,34
libero_10,5,6,7,60dce980a3fbe5f59b8a3d9778e4c8393f8986a3680a7e7cc8aab78e5f5159d1,3k,110006,1,ok,168,34
libero_10,5,6,7,60dce980a3fbe5f59b8a3d9778e4c8393f8986a3680a7e7cc8aab78e5f5159d1,3k,110007,1,ok,181,37
libero_10,5,7,7,40f65d1c4537b85e35b49fd1fc1bc613c97ecbc73429928f4d72e557ea34c677,3k,110000,1,ok,173,35
libero_10,5,7,7,40f65d1c4537b85e35b49fd1fc1bc613c97ecbc73429928f4d72e557ea34c677,3k,110001,0,ok,520,104
libero_10,5,7,7,40f65d1c4537b85e35b49fd1fc1bc613c97ecbc73429928f4d72e557ea34c677,3k,110002,1,ok,209,42
libero_10,5,7,7,40f65d1c4537b85e35b49fd1fc1bc613c97ecbc73429928f4d72e557ea34c677,3k,110003,1,ok,175,35
libero_10,5,7,7,40f65d1c4537b85e35b49fd1fc1bc613c97ecbc73429928f4d72e557ea34c677,3k,110004,1,ok,169,34
libero_10,5,7,7,40f65d1c4537b85e35b49fd1fc1bc613c97ecbc73429928f4d72e557ea34c677,3k,110005,1,ok,170,34
libero_10,5,7,7,40f65d1c4537b85e35b49fd1fc1bc613c97ecbc73429928f4d72e557ea34c677,3k,110006,1,ok,175,35
libero_10,5,7,7,40f65d1c4537b85e35b49fd1fc1bc613c97ecbc73429928f4d72e557ea34c677,3k,110007,1,ok,272,55
libero_10,5,8,7,9e1aefabe8b63098c2fee7f1107be367e10e92c3fa9058d189ebd900d297596e,3k,110000,1,ok,145,29
libero_10,5,8,7,9e1aefabe8b63098c2fee7f1107be367e10e92c3fa9058d189ebd900d297596e,3k,110001,1,ok,142,29
libero_10,5,8,7,9e1aefabe8b63098c2fee7f1107be367e10e92c3fa9058d189ebd900d297596e,3k,110002,1,ok,149,30
libero_10,5,8,7,9e1aefabe8b63098c2fee7f1107be367e10e92c3fa9058d189ebd900d297596e,3k,110003,1,ok,161,33
libero_10,5,8,7,9e1aefabe8b63098c2fee7f1107be367e10e92c3fa9058d189ebd900d297596e,3k,110004,1,ok,165,33
libero_10,5,8,7,9e1aefabe8b63098c2fee7f1107be367e10e92c3fa9058d189ebd900d297596e,3k,110005,1,ok,154,31
libero_10,5,8,7,9e1aefabe8b63098c2fee7f1107be367e10e92c3fa9058d189ebd900d297596e,3k,110006,1,ok,176,36
libero_10,5,8,7,9e1aefabe8b63098c2fee7f1107be367e10e92c3fa9058d189ebd900d297596e,3k,110007,1,ok,157,32
libero_10,5,9,7,0d1c17220737730b25c47502b6338394aec8076f5683d3d2948c2c9f3a2e5b29,3k,110000,1,ok,167,34
libero_10,5,9,7,0d1c17220737730b25c47502b6338394aec8076f5683d3d2948c2c9f3a2e5b29,3k,110001,1,ok,213,43
libero_10,5,9,7,0d1c17220737730b25c47502b6338394aec8076f5683d3d2948c2c9f3a2e5b29,3k,110002,1,ok,184,37
libero_10,5,9,7,0d1c17220737730b25c47502b6338394aec8076f5683d3d2948c2c9f3a2e5b29,3k,110003,1,ok,176,36
libero_10,5,9,7,0d1c17220737730b25c47502b6338394aec8076f5683d3d2948c2c9f3a2e5b29,3k,110004,1,ok,165,33
libero_10,5,9,7,0d1c17220737730b25c47502b6338394aec8076f5683d3d2948c2c9f3a2e5b29,3k,110005,1,ok,187,38
libero_10,5,9,7,0d1c17220737730b25c47502b6338394aec8076f5683d3d2948c2c9f3a2e5b29,3k,110006,1,ok,175,35
libero_10,5,9,7,0d1c17220737730b25c47502b6338394aec8076f5683d3d2948c2c9f3a2e5b29,3k,110007,1,ok,166,34
libero_10,5,10,7,74aa4a3ab71b740e793ace61e78a1761ff6b94d5f180c36a3fb00f691e323d75,3k,110000,0,ok,520,104
libero_10,5,10,7,74aa4a3ab71b740e793ace61e78a1761ff6b94d5f180c36a3fb00f691e323d75,3k,110001,1,ok,173,35
libero_10,5,10,7,74aa4a3ab71b740e793ace61e78a1761ff6b94d5f180c36a3fb00f691e323d75,3k,110002,1,ok,175,35
libero_10,5,10,7,74aa4a3ab71b740e793ace61e78a1761ff6b94d5f180c36a3fb00f691e323d75,3k,110003,1,ok,158,32
libero_10,5,10,7,74aa4a3ab71b740e793ace61e78a1761ff6b94d5f180c36a3fb00f691e323d75,3k,110004,1,ok,186,38
libero_10,5,10,7,74aa4a3ab71b740e793ace61e78a1761ff6b94d5f180c36a3fb00f691e323d75,3k,110005,1,ok,163,33
libero_10,5,10,7,74aa4a3ab71b740e793ace61e78a1761ff6b94d5f180c36a3fb00f691e323d75,3k,110006,0,ok,520,104
libero_10,5,10,7,74aa4a3ab71b740e793ace61e78a1761ff6b94d5f180c36a3fb00f691e323d75,3k,110007,1,ok,194,39
libero_10,5,11,7,56cfd51e2ee5817eb2220a0857f78d677f08d45d15057d9748fdb02d1dec1371,3k,110000,1,ok,169,34
libero_10,5,11,7,56cfd51e2ee5817eb2220a0857f78d677f08d45d15057d9748fdb02d1dec1371,3k,110001,1,ok,174,35
libero_10,5,11,7,56cfd51e2ee5817eb2220a0857f78d677f08d45d15057d9748fdb02d1dec1371,3k,110002,1,ok,159,32
libero_10,5,11,7,56cfd51e2ee5817eb2220a0857f78d677f08d45d15057d9748fdb02d1dec1371,3k,110003,1,ok,178,36
libero_10,5,11,7,56cfd51e2ee5817eb2220a0857f78d677f08d45d15057d9748fdb02d1dec1371,3k,110004,1,ok,172,35
libero_10,5,11,7,56cfd51e2ee5817eb2220a0857f78d677f08d45d15057d9748fdb02d1dec1371,3k,110005,1,ok,161,33
libero_10,5,11,7,56cfd51e2ee5817eb2220a0857f78d677f08d45d15057d9748fdb02d1dec1371,3k,110006,1,ok,194,39
libero_10,5,11,7,56cfd51e2ee5817eb2220a0857f78d677f08d45d15057d9748fdb02d1dec1371,3k,110007,1,ok,208,42
libero_10,5,12,7,54cc4cecafbb94f8f8d51f09982e08cc1f1280e1ccdb7e7ac12888f50c250606,3k,110000,1,ok,150,30
libero_10,5,12,7,54cc4cecafbb94f8f8d51f09982e08cc1f1280e1ccdb7e7ac12888f50c250606,3k,110001,1,ok,155,31
libero_10,5,12,7,54cc4cecafbb94f8f8d51f09982e08cc1f1280e1ccdb7e7ac12888f50c250606,3k,110002,1,ok,267,54
libero_10,5,12,7,54cc4cecafbb94f8f8d51f09982e08cc1f1280e1ccdb7e7ac12888f50c250606,3k,110003,1,ok,144,29
libero_10,5,12,7,54cc4cecafbb94f8f8d51f09982e08cc1f1280e1ccdb7e7ac12888f50c250606,3k,110004,1,ok,160,32
libero_10,5,12,7,54cc4cecafbb94f8f8d51f09982e08cc1f1280e1ccdb7e7ac12888f50c250606,3k,110005,1,ok,187,38
libero_10,5,12,7,54cc4cecafbb94f8f8d51f09982e08cc1f1280e1ccdb7e7ac12888f50c250606,3k,110006,1,ok,180,36
libero_10,5,12,7,54cc4cecafbb94f8f8d51f09982e08cc1f1280e1ccdb7e7ac12888f50c250606,3k,110007,1,ok,156,32
libero_10,5,13,7,69d5d15fb155484e4cd3dafb1e8002f538cdb929a228e1feaf8acda8fc1c37f1,3k,110000,1,ok,178,36
libero_10,5,13,7,69d5d15fb155484e4cd3dafb1e8002f538cdb929a228e1feaf8acda8fc1c37f1,3k,110001,1,ok,177,36
libero_10,5,13,7,69d5d15fb155484e4cd3dafb1e8002f538cdb929a228e1feaf8acda8fc1c37f1,3k,110002,1,ok,169,34
libero_10,5,13,7,69d5d15fb155484e4cd3dafb1e8002f538cdb929a228e1feaf8acda8fc1c37f1,3k,110003,1,ok,176,36
libero_10,5,13,7,69d5d15fb155484e4cd3dafb1e8002f538cdb929a228e1feaf8acda8fc1c37f1,3k,110004,1,ok,175,35
libero_10,5,13,7,69d5d15fb155484e4cd3dafb1e8002f538cdb929a228e1feaf8acda8fc1c37f1,3k,110005,1,ok,191,39
libero_10,5,13,7,69d5d15fb155484e4cd3dafb1e8002f538cdb929a228e1feaf8acda8fc1c37f1,3k,110006,1,ok,170,34
libero_10,5,13,7,69d5d15fb155484e4cd3dafb1e8002f538cdb929a228e1feaf8acda8fc1c37f1,3k,110007,1,ok,200,40
libero_10,5,14,7,dfc95297198ab82506f9c9056f2d7734919f5295626506f4904793acb1fb9d72,3k,110000,1,ok,178,36
libero_10,5,14,7,dfc95297198ab82506f9c9056f2d7734919f5295626506f4904793acb1fb9d72,3k,110001,1,ok,196,40
libero_10,5,14,7,dfc95297198ab82506f9c9056f2d7734919f5295626506f4904793acb1fb9d72,3k,110002,1,ok,193,39
libero_10,5,14,7,dfc95297198ab82506f9c9056f2d7734919f5295626506f4904793acb1fb9d72,3k,110003,1,ok,170,34
libero_10,5,14,7,dfc95297198ab82506f9c9056f2d7734919f5295626506f4904793acb1fb9d72,3k,110004,1,ok,187,38
libero_10,5,14,7,dfc95297198ab82506f9c9056f2d7734919f5295626506f4904793acb1fb9d72,3k,110005,1,ok,155,31
libero_10,5,14,7,dfc95297198ab82506f9c9056f2d7734919f5295626506f4904793acb1fb9d72,3k,110006,1,ok,173,35
libero_10,5,14,7,dfc95297198ab82506f9c9056f2d7734919f5295626506f4904793acb1fb9d72,3k,110007,1,ok,167,34
libero_10,9,0,7,4de0f5a5b62e632ad0d322aede853b83971f8262d4c7690d4d988cd33db8b54c,3k,110000,0,ok,520,104
libero_10,9,0,7,4de0f5a5b62e632ad0d322aede853b83971f8262d4c7690d4d988cd33db8b54c,3k,110001,1,ok,235,47
libero_10,9,0,7,4de0f5a5b62e632ad0d322aede853b83971f8262d4c7690d4d988cd33db8b54c,3k,110002,1,ok,245,49
libero_10,9,0,7,4de0f5a5b62e632ad0d322aede853b83971f8262d4c7690d4d988cd33db8b54c,3k,110003,0,ok,520,104
libero_10,9,0,7,4de0f5a5b62e632ad0d322aede853b83971f8262d4c7690d4d988cd33db8b54c,3k,110004,1,ok,324,65
libero_10,9,0,7,4de0f5a5b62e632ad0d322aede853b83971f8262d4c7690d4d988cd33db8b54c,3k,110005,1,ok,323,65
libero_10,9,0,7,4de0f5a5b62e632ad0d322aede853b83971f8262d4c7690d4d988cd33db8b54c,3k,110006,1,ok,253,51
libero_10,9,0,7,4de0f5a5b62e632ad0d322aede853b83971f8262d4c7690d4d988cd33db8b54c,3k,110007,1,ok,254,51
libero_10,9,1,7,7097b8c773d760c4f44b8a9e909182680fb00be4a6724e99e7f2a92c823f6f7a,3k,110000,0,ok,520,104
libero_10,9,1,7,7097b8c773d760c4f44b8a9e909182680fb00be4a6724e99e7f2a92c823f6f7a,3k,110001,1,ok,287,58
libero_10,9,1,7,7097b8c773d760c4f44b8a9e909182680fb00be4a6724e99e7f2a92c823f6f7a,3k,110002,1,ok,226,46
libero_10,9,1,7,7097b8c773d760c4f44b8a9e909182680fb00be4a6724e99e7f2a92c823f6f7a,3k,110003,1,ok,272,55
libero_10,9,1,7,7097b8c773d760c4f44b8a9e909182680fb00be4a6724e99e7f2a92c823f6f7a,3k,110004,1,ok,274,55
libero_10,9,1,7,7097b8c773d760c4f44b8a9e909182680fb00be4a6724e99e7f2a92c823f6f7a,3k,110005,0,ok,520,104
libero_10,9,1,7,7097b8c773d760c4f44b8a9e909182680fb00be4a6724e99e7f2a92c823f6f7a,3k,110006,1,ok,460,92
libero_10,9,1,7,7097b8c773d760c4f44b8a9e909182680fb00be4a6724e99e7f2a92c823f6f7a,3k,110007,0,ok,520,104
libero_10,9,2,7,213d9cc71adedca27c59da285f48e709916e3c256964b99413a9951c7ee51227,3k,110000,1,ok,328,66
libero_10,9,2,7,213d9cc71adedca27c59da285f48e709916e3c256964b99413a9951c7ee51227,3k,110001,1,ok,235,47
libero_10,9,2,7,213d9cc71adedca27c59da285f48e709916e3c256964b99413a9951c7ee51227,3k,110002,1,ok,253,51
libero_10,9,2,7,213d9cc71adedca27c59da285f48e709916e3c256964b99413a9951c7ee51227,3k,110003,1,ok,286,58
libero_10,9,2,7,213d9cc71adedca27c59da285f48e709916e3c256964b99413a9951c7ee51227,3k,110004,1,ok,252,51
libero_10,9,2,7,213d9cc71adedca27c59da285f48e709916e3c256964b99413a9951c7ee51227,3k,110005,1,ok,273,55
libero_10,9,2,7,213d9cc71adedca27c59da285f48e709916e3c256964b99413a9951c7ee51227,3k,110006,0,ok,520,104
libero_10,9,2,7,213d9cc71adedca27c59da285f48e709916e3c256964b99413a9951c7ee51227,3k,110007,0,ok,520,104
libero_10,9,3,7,6ed03964c7655879449a62403f44a2f20f4533eefc002f52e103b335740471b2,3k,110000,1,ok,244,49
libero_10,9,3,7,6ed03964c7655879449a62403f44a2f20f4533eefc002f52e103b335740471b2,3k,110001,0,ok,520,104
libero_10,9,3,7,6ed03964c7655879449a62403f44a2f20f4533eefc002f52e103b335740471b2,3k,110002,1,ok,255,51
libero_10,9,3,7,6ed03964c7655879449a62403f44a2f20f4533eefc002f52e103b335740471b2,3k,110003,1,ok,241,49
libero_10,9,3,7,6ed03964c7655879449a62403f44a2f20f4533eefc002f52e103b335740471b2,3k,110004,1,ok,250,50
libero_10,9,3,7,6ed03964c7655879449a62403f44a2f20f4533eefc002f52e103b335740471b2,3k,110005,1,ok,241,49
libero_10,9,3,7,6ed03964c7655879449a62403f44a2f20f4533eefc002f52e103b335740471b2,3k,110006,1,ok,249,50
libero_10,9,3,7,6ed03964c7655879449a62403f44a2f20f4533eefc002f52e103b335740471b2,3k,110007,1,ok,244,49
libero_10,9,4,7,92617f591ce78eeb25ff3d7703e5ed91984c05f975c773d5b15f15c3ddc8a1c7,3k,110000,1,ok,321,65
libero_10,9,4,7,92617f591ce78eeb25ff3d7703e5ed91984c05f975c773d5b15f15c3ddc8a1c7,3k,110001,1,ok,361,73
libero_10,9,4,7,92617f591ce78eeb25ff3d7703e5ed91984c05f975c773d5b15f15c3ddc8a1c7,3k,110002,1,ok,452,91
libero_10,9,4,7,92617f591ce78eeb25ff3d7703e5ed91984c05f975c773d5b15f15c3ddc8a1c7,3k,110003,0,ok,520,104
libero_10,9,4,7,92617f591ce78eeb25ff3d7703e5ed91984c05f975c773d5b15f15c3ddc8a1c7,3k,110004,0,ok,520,104
libero_10,9,4,7,92617f591ce78eeb25ff3d7703e5ed91984c05f975c773d5b15f15c3ddc8a1c7,3k,110005,0,ok,520,104
libero_10,9,4,7,92617f591ce78eeb25ff3d7703e5ed91984c05f975c773d5b15f15c3ddc8a1c7,3k,110006,1,ok,320,64
libero_10,9,4,7,92617f591ce78eeb25ff3d7703e5ed91984c05f975c773d5b15f15c3ddc8a1c7,3k,110007,0,ok,520,104
libero_10,9,5,7,d3beb50e28aedb6f230d259d65d1c4dfb78e37c9ab1b4b445e7735da0c34794a,3k,110000,1,ok,250,50
libero_10,9,5,7,d3beb50e28aedb6f230d259d65d1c4dfb78e37c9ab1b4b445e7735da0c34794a,3k,110001,1,ok,239,48
libero_10,9,5,7,d3beb50e28aedb6f230d259d65d1c4dfb78e37c9ab1b4b445e7735da0c34794a,3k,110002,0,ok,520,104
libero_10,9,5,7,d3beb50e28aedb6f230d259d65d1c4dfb78e37c9ab1b4b445e7735da0c34794a,3k,110003,1,ok,298,60
libero_10,9,5,7,d3beb50e28aedb6f230d259d65d1c4dfb78e37c9ab1b4b445e7735da0c34794a,3k,110004,1,ok,248,50
libero_10,9,5,7,d3beb50e28aedb6f230d259d65d1c4dfb78e37c9ab1b4b445e7735da0c34794a,3k,110005,1,ok,289,58
libero_10,9,5,7,d3beb50e28aedb6f230d259d65d1c4dfb78e37c9ab1b4b445e7735da0c34794a,3k,110006,1,ok,232,47
libero_10,9,5,7,d3beb50e28aedb6f230d259d65d1c4dfb78e37c9ab1b4b445e7735da0c34794a,3k,110007,1,ok,242,49
libero_10,9,6,7,40d2a4b7205056fb739e53579e175c098b58a56879674606b4565321a5b732dc,3k,110000,1,ok,303,61
libero_10,9,6,7,40d2a4b7205056fb739e53579e175c098b58a56879674606b4565321a5b732dc,3k,110001,1,ok,254,51
libero_10,9,6,7,40d2a4b7205056fb739e53579e175c098b58a56879674606b4565321a5b732dc,3k,110002,1,ok,244,49
libero_10,9,6,7,40d2a4b7205056fb739e53579e175c098b58a56879674606b4565321a5b732dc,3k,110003,1,ok,273,55
libero_10,9,6,7,40d2a4b7205056fb739e53579e175c098b58a56879674606b4565321a5b732dc,3k,110004,0,ok,520,104
libero_10,9,6,7,40d2a4b7205056fb739e53579e175c098b58a56879674606b4565321a5b732dc,3k,110005,1,ok,238,48
libero_10,9,6,7,40d2a4b7205056fb739e53579e175c098b58a56879674606b4565321a5b732dc,3k,110006,1,ok,275,55
libero_10,9,6,7,40d2a4b7205056fb739e53579e175c098b58a56879674606b4565321a5b732dc,3k,110007,1,ok,265,53
libero_10,9,7,7,f86d1d66de59a8fc8391f847573926a245a48d17befc9f0493f8d9b1dc7e5b11,3k,110000,1,ok,234,47
libero_10,9,7,7,f86d1d66de59a8fc8391f847573926a245a48d17befc9f0493f8d9b1dc7e5b11,3k,110001,0,ok,520,104
libero_10,9,7,7,f86d1d66de59a8fc8391f847573926a245a48d17befc9f0493f8d9b1dc7e5b11,3k,110002,1,ok,254,51
libero_10,9,7,7,f86d1d66de59a8fc8391f847573926a245a48d17befc9f0493f8d9b1dc7e5b11,3k,110003,1,ok,284,57
libero_10,9,7,7,f86d1d66de59a8fc8391f847573926a245a48d17befc9f0493f8d9b1dc7e5b11,3k,110004,1,ok,340,68
libero_10,9,7,7,f86d1d66de59a8fc8391f847573926a245a48d17befc9f0493f8d9b1dc7e5b11,3k,110005,1,ok,308,62
libero_10,9,7,7,f86d1d66de59a8fc8391f847573926a245a48d17befc9f0493f8d9b1dc7e5b11,3k,110006,1,ok,360,72
libero_10,9,7,7,f86d1d66de59a8fc8391f847573926a245a48d17befc9f0493f8d9b1dc7e5b11,3k,110007,1,ok,260,52
libero_10,9,8,7,74409678cd21749b260966a7e8418c65b1e68eb80dc11c3c1381e32ea962e0c7,3k,110000,1,ok,257,52
libero_10,9,8,7,74409678cd21749b260966a7e8418c65b1e68eb80dc11c3c1381e32ea962e0c7,3k,110001,1,ok,274,55
libero_10,9,8,7,74409678cd21749b260966a7e8418c65b1e68eb80dc11c3c1381e32ea962e0c7,3k,110002,1,ok,262,53
libero_10,9,8,7,74409678cd21749b260966a7e8418c65b1e68eb80dc11c3c1381e32ea962e0c7,3k,110003,1,ok,364,73
libero_10,9,8,7,74409678cd21749b260966a7e8418c65b1e68eb80dc11c3c1381e32ea962e0c7,3k,110004,1,ok,291,59
libero_10,9,8,7,74409678cd21749b260966a7e8418c65b1e68eb80dc11c3c1381e32ea962e0c7,3k,110005,1,ok,396,80
libero_10,9,8,7,74409678cd21749b260966a7e8418c65b1e68eb80dc11c3c1381e32ea962e0c7,3k,110006,1,ok,302,61
libero_10,9,8,7,74409678cd21749b260966a7e8418c65b1e68eb80dc11c3c1381e32ea962e0c7,3k,110007,1,ok,239,48
libero_10,9,9,7,9c9a2c773c5a905c6fad80f823bbc50328c6f6590096771a8a9e5d6e5f075bd5,3k,110000,1,ok,283,57
libero_10,9,9,7,9c9a2c773c5a905c6fad80f823bbc50328c6f6590096771a8a9e5d6e5f075bd5,3k,110001,1,ok,268,54
libero_10,9,9,7,9c9a2c773c5a905c6fad80f823bbc50328c6f6590096771a8a9e5d6e5f075bd5,3k,110002,0,ok,520,104
libero_10,9,9,7,9c9a2c773c5a905c6fad80f823bbc50328c6f6590096771a8a9e5d6e5f075bd5,3k,110003,1,ok,253,51
libero_10,9,9,7,9c9a2c773c5a905c6fad80f823bbc50328c6f6590096771a8a9e5d6e5f075bd5,3k,110004,1,ok,239,48
libero_10,9,9,7,9c9a2c773c5a905c6fad80f823bbc50328c6f6590096771a8a9e5d6e5f075bd5,3k,110005,1,ok,227,46
libero_10,9,9,7,9c9a2c773c5a905c6fad80f823bbc50328c6f6590096771a8a9e5d6e5f075bd5,3k,110006,0,ok,520,104
libero_10,9,9,7,9c9a2c773c5a905c6fad80f823bbc50328c6f6590096771a8a9e5d6e5f075bd5,3k,110007,1,ok,256,52
libero_10,9,10,7,191594e3422814c0e2c0e12030742a4748bc08beac98d466c895a9e31190e2fd,3k,110000,1,ok,275,55
libero_10,9,10,7,191594e3422814c0e2c0e12030742a4748bc08beac98d466c895a9e31190e2fd,3k,110001,1,ok,244,49
libero_10,9,10,7,191594e3422814c0e2c0e12030742a4748bc08beac98d466c895a9e31190e2fd,3k,110002,1,ok,303,61
libero_10,9,10,7,191594e3422814c0e2c0e12030742a4748bc08beac98d466c895a9e31190e2fd,3k,110003,1,ok,236,48
libero_10,9,10,7,191594e3422814c0e2c0e12030742a4748bc08beac98d466c895a9e31190e2fd,3k,110004,1,ok,267,54
libero_10,9,10,7,191594e3422814c0e2c0e12030742a4748bc08beac98d466c895a9e31190e2fd,3k,110005,1,ok,238,48
libero_10,9,10,7,191594e3422814c0e2c0e12030742a4748bc08beac98d466c895a9e31190e2fd,3k,110006,1,ok,248,50
libero_10,9,10,7,191594e3422814c0e2c0e12030742a4748bc08beac98d466c895a9e31190e2fd,3k,110007,1,ok,261,53
libero_10,9,11,7,2a80af5e5ecb96552aae587fe3dc04158b15e96504d66b054f7e0fd4a80379ec,3k,110000,0,ok,520,104
libero_10,9,11,7,2a80af5e5ecb96552aae587fe3dc04158b15e96504d66b054f7e0fd4a80379ec,3k,110001,1,ok,245,49
libero_10,9,11,7,2a80af5e5ecb96552aae587fe3dc04158b15e96504d66b054f7e0fd4a80379ec,3k,110002,0,ok,520,104
libero_10,9,11,7,2a80af5e5ecb96552aae587fe3dc04158b15e96504d66b054f7e0fd4a80379ec,3k,110003,1,ok,310,62
libero_10,9,11,7,2a80af5e5ecb96552aae587fe3dc04158b15e96504d66b054f7e0fd4a80379ec,3k,110004,0,ok,520,104
libero_10,9,11,7,2a80af5e5ecb96552aae587fe3dc04158b15e96504d66b054f7e0fd4a80379ec,3k,110005,0,ok,520,104
libero_10,9,11,7,2a80af5e5ecb96552aae587fe3dc04158b15e96504d66b054f7e0fd4a80379ec,3k,110006,1,ok,231,47
libero_10,9,11,7,2a80af5e5ecb96552aae587fe3dc04158b15e96504d66b054f7e0fd4a80379ec,3k,110007,0,ok,520,104
libero_10,9,12,7,d30359e9fcb8f31ef267258e9e87e911693c1b47714275f5ba772cc58c7d85d5,3k,110000,0,ok,520,104
libero_10,9,12,7,d30359e9fcb8f31ef267258e9e87e911693c1b47714275f5ba772cc58c7d85d5,3k,110001,1,ok,405,81
libero_10,9,12,7,d30359e9fcb8f31ef267258e9e87e911693c1b47714275f5ba772cc58c7d85d5,3k,110002,0,ok,520,104
libero_10,9,12,7,d30359e9fcb8f31ef267258e9e87e911693c1b47714275f5ba772cc58c7d85d5,3k,110003,1,ok,344,69
libero_10,9,12,7,d30359e9fcb8f31ef267258e9e87e911693c1b47714275f5ba772cc58c7d85d5,3k,110004,0,ok,520,104
libero_10,9,12,7,d30359e9fcb8f31ef267258e9e87e911693c1b47714275f5ba772cc58c7d85d5,3k,110005,0,ok,520,104
libero_10,9,12,7,d30359e9fcb8f31ef267258e9e87e911693c1b47714275f5ba772cc58c7d85d5,3k,110006,1,ok,242,49
libero_10,9,12,7,d30359e9fcb8f31ef267258e9e87e911693c1b47714275f5ba772cc58c7d85d5,3k,110007,0,ok,520,104
libero_10,9,13,7,bd1321fd39fef1734caeed0283446a7afad15eeb6eba8b3391fa047b42f28640,3k,110000,1,ok,248,50
libero_10,9,13,7,bd1321fd39fef1734caeed0283446a7afad15eeb6eba8b3391fa047b42f28640,3k,110001,1,ok,366,74
libero_10,9,13,7,bd1321fd39fef1734caeed0283446a7afad15eeb6eba8b3391fa047b42f28640,3k,110002,1,ok,257,52
libero_10,9,13,7,bd1321fd39fef1734caeed0283446a7afad15eeb6eba8b3391fa047b42f28640,3k,110003,1,ok,285,57
libero_10,9,13,7,bd1321fd39fef1734caeed0283446a7afad15eeb6eba8b3391fa047b42f28640,3k,110004,1,ok,271,55
libero_10,9,13,7,bd1321fd39fef1734caeed0283446a7afad15eeb6eba8b3391fa047b42f28640,3k,110005,1,ok,277,56
libero_10,9,13,7,bd1321fd39fef1734caeed0283446a7afad15eeb6eba8b3391fa047b42f28640,3k,110006,1,ok,246,50
libero_10,9,13,7,bd1321fd39fef1734caeed0283446a7afad15eeb6eba8b3391fa047b42f28640,3k,110007,1,ok,407,82
libero_10,9,14,7,de9874b49edf9fe7712ad0f7d9c8a92cdfba1d271995ac5e5450b4c8a3cdca20,3k,110000,1,ok,260,52
libero_10,9,14,7,de9874b49edf9fe7712ad0f7d9c8a92cdfba1d271995ac5e5450b4c8a3cdca20,3k,110001,1,ok,262,53
libero_10,9,14,7,de9874b49edf9fe7712ad0f7d9c8a92cdfba1d271995ac5e5450b4c8a3cdca20,3k,110002,1,ok,256,52
libero_10,9,14,7,de9874b49edf9fe7712ad0f7d9c8a92cdfba1d271995ac5e5450b4c8a3cdca20,3k,110003,1,ok,259,52
libero_10,9,14,7,de9874b49edf9fe7712ad0f7d9c8a92cdfba1d271995ac5e5450b4c8a3cdca20,3k,110004,1,ok,240,48
libero_10,9,14,7,de9874b49edf9fe7712ad0f7d9c8a92cdfba1d271995ac5e5450b4c8a3cdca20,3k,110005,1,ok,300,60
libero_10,9,14,7,de9874b49edf9fe7712ad0f7d9c8a92cdfba1d271995ac5e5450b4c8a3cdca20,3k,110006,1,ok,236,48
libero_10,9,14,7,de9874b49edf9fe7712ad0f7d9c8a92cdfba1d271995ac5e5450b4c8a3cdca20,3k,110007,1,ok,253,51
